Testid,Individual coverage
2fe35a96-7fa0-59fd-a504-05127c454695,0.004777070063694267
52a40ad2-6754-52d9-bf4a-f3cea926e3bc,0.004777070063694267
357d6815-c0c3-5557-ab43-978482f2dac9,0.0021231422505307855
722115cf-e990-5e3e-b66c-2da1a767ea58,0.006369426751592357
9053f8a0-3cf7-5dee-bf8f-a68287d0fc1e,0.004246284501061571
94be54cb-9579-5002-b21b-0d39c272f77f,0.004777070063694267
511fcd4b-ecd2-55a9-84e2-30bca9361351,0.002653927813163482
2385bb53-6d16-50fa-8db4-bb3f4546e006,0.0021231422505307855
4a95e813-39e6-5c59-92f1-8c4097dffdc4,0.004777070063694267
9b9e034f-1af2-5f8f-bb1b-9fe0b6313022,0.0015923566878980893
c1fd3424-9982-532f-9f21-c9a3ee927e93,0.0015923566878980893
38cbd284-0d72-52e5-8537-737f3c733f2b,0.0021231422505307855
5c6fcda6-30a2-588a-a83d-aae9c5887d29,0.0074309978768577496
dffd991e-2035-5fe1-b62a-a2e64f112a7d,0.009023354564755838
a62d7165-192b-56cd-ad94-9d069c2f1d5a,0.009023354564755838
7f965974-3c06-5212-bec8-58c882517c9b,0.0021231422505307855
ce333ce6-cef1-54b3-bb13-685af297b00d,0.0015923566878980893
0c825545-f4af-55e5-a3a1-61baf455859c,0.009554140127388535
82d3588b-2f76-5d70-be67-78384a7bb829,0.0021231422505307855
7191abe9-82e6-5880-a299-8b88f0f23ca5,0.0031847133757961785
967a30d6-f3dd-5b9f-8a14-4325ba204dc1,0.002653927813163482
5d442084-4b26-5326-aa2d-7c7c1118dd5f,0.0021231422505307855
3da96007-dc11-54ab-8fb8-31c525b29903,0.008492569002123142
000a18b1-c2cd-5655-ba2d-321b09320cc6,0.0074309978768577496
06d8b518-5f6b-5094-a054-edb33ed30d7d,0.0031847133757961785
8ca1c897-c205-5a4b-acfd-9561e6d44e99,0.0021231422505307855
24c45742-15a4-5651-a9a4-fd8375be1323,0.002653927813163482
0eb04cd0-872d-5f76-9dcd-af6ade99c6dc,0.0010615711252653928
3ea2d9e7-c3fe-5dfa-bc88-f53c0ac24be3,0.0031847133757961785
340e88a5-0849-5b2e-b086-73f73a8d383b,0.0021231422505307855
9bf7cd62-1602-5edd-b212-6d5d315d308c,0.004777070063694267
c58ac66f-e115-543a-b6fb-73ff2d4115be,0.0021231422505307855
c2e73cf9-26e5-57cf-b874-9e7a7da55afb,0.0037154989384288748
f5c36b58-7a22-5e35-942e-6eec924542e5,0.0010615711252653928
802bf9ec-4c6d-5061-b8c9-24caba06016e,0.0021231422505307855
525b3263-af84-581d-b471-111dbe1a1690,0.0074309978768577496
0465dbcc-1ee7-5bd4-acc3-51b84de353ab,0.004777070063694267
1d49c3fb-627b-583c-b645-e20d14b8538a,0.020169851380042462
d4fcf355-1136-5915-9a93-047cc51b5f34,0.004777070063694267
76f8f690-c0e3-5a86-a829-8442a8416fb5,0.0037154989384288748
d2761904-b4d5-54d0-9f7a-281534682c42,0.0031847133757961785
28eb01b1-dd6f-52e3-9dc9-569bcb090e34,0.0010615711252653928
f2a626fc-6f28-577e-bc05-17f4adc61e43,0.004246284501061571
956e8885-4de0-52b8-8ce4-a82d35ee4f91,0.002653927813163482
baa9f17b-28e5-5678-b97e-114758eacc8d,0.002653927813163482
8baa5ae3-3505-5283-ba92-d387b1da4c05,0.0021231422505307855
db42787a-ec4c-50ce-aa56-215888060e36,0.002653927813163482
f9d8bdd4-7931-5f36-b4bb-43c3d134858d,0.0021231422505307855
39b0058f-cc1a-590a-9947-76ce0139cd75,0.0021231422505307855
fec71b5b-f372-5a09-87be-88d3ab95fdcd,0.0021231422505307855
ca623232-21ef-5cc4-b920-90958ca98b6b,0.0
cfd56b12-0dfc-5f3b-9a9a-5459493fd0a6,0.009023354564755838
51f13f39-fe5f-5b75-ace3-f1af0a39da9a,0.002653927813163482
b92b65d6-47a4-58e4-8b7d-aa89a7e53efa,0.010084925690021231
2f81d202-6861-5531-afcb-5c7fa10533bd,0.002653927813163482
ec36809d-9c04-59fd-9eb7-528b6ae167a5,0.0015923566878980893
350e9beb-9b54-5429-bc4f-df2d497ffc40,0.0037154989384288748
0f9d4476-ac2f-5e6a-b4d0-d9549fe92776,0.0021231422505307855
d0e52145-9d99-59b2-bbf4-5e15cd6db31c,0.004777070063694267
e834c286-8c4c-5681-a0ee-72e80dc26296,0.0015923566878980893
84e62bfe-ad9c-5bba-bc52-06e232102db6,0.0015923566878980893
0c34da99-b58e-54b1-912c-ff0f32412899,0.0031847133757961785
651409b1-3b4b-5b66-8f18-f09205f4a107,0.006369426751592357
a0b5029c-f9bf-5c04-b967-fa9faa4c01f8,0.0021231422505307855
ced8ca05-2208-5361-a5e5-bc6d4f56252c,0.0031847133757961785
7e6e0c5b-9504-597b-94ca-670e7cd8118e,0.0074309978768577496
ed43a10d-7fd4-5686-8124-fa3edfd6d830,0.0037154989384288748
78c5a7c0-07ab-54dc-9504-9b2dbf0f2112,0.004246284501061571
98b997b1-7d1a-5533-9064-c0c261fea7af,0.00583864118895966
97086339-6e39-5632-968e-e84f60cafd30,0.0021231422505307855
64e4b4ab-7138-506f-85c1-8c37e6817f5f,0.004246284501061571
9ca2cf41-16c7-5bb2-a771-6cec31020254,0.002653927813163482
87e1e96d-757e-522e-86f1-1fafb78e7069,0.0010615711252653928
875b53dd-3bf1-5245-81eb-46b9f1e9945c,0.002653927813163482
8e3771f0-b19a-54f7-95ae-003854c03c75,0.002653927813163482
2fb88723-3774-5258-a2d3-70e5be1a9be3,0.002653927813163482
39f5c375-842a-53a3-a67d-a91d71ad4f48,0.0031847133757961785
fdd26139-5aef-5a75-926f-df60dd8f0feb,0.0015923566878980893
6052b765-2f95-5a2c-8d84-df7c11262078,0.01326963906581741
a1db8ac4-f08f-5e2a-94b0-95e28014e850,0.0037154989384288748
3b8cf555-6b51-51f6-9d4c-7f2c9d8ecf00,0.0021231422505307855
ab91c785-ac72-543e-94bd-f1f3fdcd6225,0.002653927813163482
8134bcf4-653d-5839-bfc0-b956ffc79734,0.0021231422505307855
82652cb6-f818-5f37-911e-cb1ed78855e3,0.002653927813163482
26b836a3-bcc5-593a-859d-c85d02e46414,0.0031847133757961785
003ce9f7-a64e-5a98-8675-6534d6b24534,0.0031847133757961785
f04def88-95ad-56bf-8c84-7bf16b5b91a2,0.0015923566878980893
c42cd848-fda6-5235-a848-faa6f4570c5d,0.0021231422505307855
b2d53aa4-4280-5d49-95d5-9237f9b419bf,0.009023354564755838
d83c0650-4f2c-55c4-ac84-626db3c98d85,0.007961783439490446
e1805f79-692a-53c1-b598-56a9842b2de9,0.002653927813163482
ac26cb97-dc41-5ad7-9b28-29e21df4368d,0.002653927813163482
489472ae-90e2-5df5-aa0f-43344e27b320,0.004777070063694267
5b36246c-0391-5403-939d-b8d4358734a4,0.0010615711252653928
d4a799c4-58f2-50d3-83db-90aa30e32235,0.0
058c8983-d333-5bed-8b8d-95c8dcaf51f3,0.0021231422505307855
bcae6438-650f-588c-8bc2-8a72d92b4215,0.012738853503184714
8f62dc28-e356-532a-835e-d9809ffca1de,0.0010615711252653928
39d7ceb5-8697-51c0-85a3-b394e3ec417d,0.0037154989384288748
186cab4b-97c7-588f-8a9d-d86a98714714,0.0021231422505307855
eab246d6-d851-50e2-98e8-34396bfceadf,0.0021231422505307855
2329a7e7-d650-50ac-a7d3-2343fffa663d,0.01592356687898089
a13af5c9-bd64-5907-8c6e-b6c1288017ce,0.004777070063694267
cfbf930e-7c5d-5ce7-bbdd-4414b72857b7,0.0021231422505307855
c7e3248e-4adb-5d10-8900-b0617d4955bc,0.0
cff40f97-5c51-5649-8b4c-eed6128e6743,0.0021231422505307855
ebbbee04-019c-511f-a758-b93fd25cf927,0.010084925690021231
ebc32410-4383-5854-a741-c4ae7e7cd90a,0.004777070063694267
61926ec7-67fd-597b-aa1b-7114559b2cde,0.004777070063694267
f4b64665-ad0d-532e-8241-8c3511c64d45,0.0021231422505307855
10db4ccf-b32e-5b32-95e7-24fb861581eb,0.005307855626326964
9379a5e9-af01-5033-9a73-ef7e700ba4cb,0.00583864118895966
c28c4e53-559f-5332-bf2d-b6207b9b254a,0.0021231422505307855
80bfce11-8ab4-5026-bbba-d985386fe306,0.0021231422505307855
651fe742-c3a1-5e7a-98f5-4cf084c1a686,0.0074309978768577496
89da2bbc-4f9c-544f-b962-049957e485d3,0.0010615711252653928
977e86d7-a7d7-5c1d-b9be-a185d0a6ab28,0.0021231422505307855
53698f97-65d0-5c62-9250-0b1727109a07,0.0021231422505307855
59724c57-afa8-58ed-92f6-0d8a86111c40,0.0021231422505307855
7190c7e4-cd95-5d12-a696-82d4c98d54e0,0.0021231422505307855
a02442e9-7859-58db-90d5-e3447ca13bf4,0.004777070063694267
3979d60e-223b-5bcb-b09b-d5d846e48614,0.004777070063694267
ffdc3a1b-86de-5436-8363-8838e23d2084,0.004246284501061571
83522722-c61f-5424-905d-e35b70112ef2,0.004777070063694267
3afbd483-663c-5e11-ab97-baafbfb32c36,0.002653927813163482
b9a91b97-6107-5844-9a9b-85d885863230,0.009554140127388535
ec16236e-c1ed-5f6f-a9d7-b05c713de218,0.006369426751592357
a58b3515-7723-5115-88f2-e5fa16ebcd73,0.002653927813163482
031cb8a3-8797-5d70-a3e4-5d4071b689ad,0.0037154989384288748
a4209a37-673e-5a62-b6ad-c1a469235ce4,0.0
6cb13732-a8d9-501f-90f6-11896c79ad51,0.0010615711252653928
5cd3f17e-6bb6-5cd6-a209-0e93774579a8,0.0015923566878980893
300fdcb8-e349-56d0-9dc7-691fce68e97d,0.0021231422505307855
353340ac-06d3-5740-bd78-b90c6cb5deaf,0.010615711252653927
cf1c042e-b561-580a-8e4a-a9c5966dfb1b,0.006369426751592357
32fde964-7931-527d-989a-629049ca06cf,0.0010615711252653928
b963d1bd-30f4-5ebb-b77a-8297099be5fb,0.0021231422505307855
46dedc31-6d0d-5bd4-ab01-ec7a91a1651c,0.0021231422505307855
715eb52e-2ac7-5b6e-88cd-5c664da49ab4,0.004777070063694267
4f08f39a-be3e-56f3-9f90-6e5c91de4766,0.004777070063694267
a277a0ef-f39b-5f3b-ac2d-015f038e0de8,0.006369426751592357
42ae867c-5ed8-5d76-ac34-f568cc100dc8,0.0015923566878980893
e87d600d-2fd0-5bbc-8a2d-7031789a1ae5,0.004777070063694267
b0915478-982c-5201-aaab-005461772ed0,0.002653927813163482
b3c9034a-8670-5bad-8e91-bfcb1c970563,0.0031847133757961785
ac94caf6-bc18-56b7-b1b5-5764e895699c,0.0015923566878980893
c25c69fc-cd40-5630-8c02-c3c0351c2582,0.0037154989384288748
aebb4882-b1d5-5f4d-82b0-61eff68988c7,0.0021231422505307855
0d9a2141-1304-5905-8898-369194382dd8,0.004777070063694267
e019b68d-1a42-5c57-a3d5-07e15a2dd90b,0.004777070063694267
b781d5de-2ba8-539f-93c3-50b59bfedaab,0.010615711252653927
904fc0db-9231-5e61-a83c-898715261560,0.0021231422505307855
c397576b-70bb-56b9-b8cb-6e5a0ed6d4b2,0.0010615711252653928
c1b8083e-2fb3-55de-9cae-ab7070a31aa1,0.0021231422505307855
ad46c167-7d63-5810-9ebb-d785ca5bc272,0.005307855626326964
bfea9688-2531-5912-a1ed-c296d1d42384,0.010084925690021231
0f6d921d-d36f-55c8-8d9c-1d8b53314476,0.0021231422505307855
a22e2974-2482-5e09-998f-75249bdeeccf,0.0021231422505307855
903717b2-9f4f-507d-a042-550a6f28c226,0.0031847133757961785
0eab597e-3ff9-5f4e-9f37-abca0239e474,0.010084925690021231
1ff9edbe-e870-589e-8771-00426fb20d8c,0.0021231422505307855
01c7df6f-624c-52c6-b9a4-ca53ea744f84,0.002653927813163482
269c20ec-01d1-5cea-bccf-d139f87b8f6a,0.0015923566878980893
73c9314c-76a2-5868-be78-0fc0288092b2,0.002653927813163482
0981baa3-14fe-5aa4-af4a-af0e09fb107d,0.0037154989384288748
7c572ee7-d181-5e7b-a34d-47d17d9bd50c,0.0015923566878980893
86dd3763-eede-541f-b030-2d8f3ce51462,0.004777070063694267
0926bb70-6114-5843-b8ad-b4dedc970d41,0.007961783439490446
bd72e35d-c28a-52ab-a241-f49970ec0b7f,0.0015923566878980893
c3ba7687-2ae9-55da-8227-cdb798c1c223,0.002653927813163482
19ed28aa-e68e-5b46-b668-7369b3cf852f,0.011146496815286623
ca43ef50-7f53-5d9a-bf10-81669206a2c5,0.002653927813163482
152917a5-f5a0-5ee4-a39a-a4560d61c7da,0.004777070063694267
165c341e-65b5-539a-a2b4-b254f13b2971,0.002653927813163482
db7e7618-2eb1-54a2-afb2-adc8b159ea3b,0.0021231422505307855
63a368e7-ddf1-5179-aa73-d4e135bc2109,0.0021231422505307855
055decce-d4bf-5e9e-9f96-b8a6a4621128,0.002653927813163482
663a8e9b-7ec2-550b-bc08-66cfebc8361d,0.002653927813163482
3a431576-a57e-5c01-9411-f4708f481038,0.002653927813163482
1550b696-fb4f-5ca2-9c20-394ed40b895e,0.0021231422505307855
1121de41-56c9-5030-91a9-b3196a25ac96,0.005307855626326964
14afdd4f-7ce7-5be9-a797-33185fc0cd36,0.010615711252653927
e887d7ca-2d41-5aa6-83fc-986840633979,0.0037154989384288748
2f5331f6-e713-5519-9ab4-c9450cd8ba36,0.020169851380042462
3e0568ee-0f37-5b6d-9ce6-3b70231f1668,0.0010615711252653928
6c2742cc-2dd3-578e-844d-122345eced65,0.007961783439490446
4e1eccd7-63e1-5edd-a6b0-dba6838df3eb,0.010615711252653927
2bb1ce77-aa7f-5c89-a4b1-e34dcba9b1b8,0.0
b742a6dd-b347-5714-b342-9c13845f1a0d,0.005307855626326964
8bc9024c-f6a7-5bfd-90bb-cfd67fc524ea,0.004777070063694267
5028675a-e7fe-5ad3-9499-eef02bce3784,0.002653927813163482
a6f1f53d-ab71-5c49-ba93-dea653a84b26,0.010615711252653927
26de6b3c-ad81-567f-a82d-b7024440fb2f,0.005307855626326964
20333498-0278-5d8b-b116-f0a74f7988f6,0.0015923566878980893
9a8b8876-722c-5645-9ac5-2931225e15ad,0.0015923566878980893
4e6e8c2c-4ce0-5329-a5ec-30be7724df52,0.004777070063694267
28a77953-cddf-5ebf-9604-2a75437de612,0.0037154989384288748
c948967b-ece9-5c89-901b-e904b2bc7852,0.0005307855626326964
34593421-f2d2-500a-b724-26c1f8dfed58,0.0021231422505307855
f8bf876b-ca85-50ee-aee5-759ca7507bff,0.0021231422505307855
0b24d217-5b9f-5b1c-a031-e785f8c9803f,0.004777070063694267
f39f35d7-c681-5d6e-a396-86b24be729a8,0.0
a2ca85db-121a-5fe9-b44d-78d44917271f,0.0021231422505307855
438e7d1b-70db-5d81-a017-789a6b41a3c0,0.004777070063694267
82fe787f-543f-51fa-843d-97a305041a04,0.0031847133757961785
50f30bfa-4b0a-5489-a262-1a9e73176f35,0.0015923566878980893
7edc1556-ccf1-540a-a24e-bcd5a8ba8c94,0.002653927813163482
9badd4e8-ec8c-588e-ad9c-059ec5ae6c27,0.010084925690021231
ac044b73-dbda-5cc2-a6b1-4df4378af727,0.0031847133757961785
773a1a89-e1b6-57d6-b5d8-1357b9f7fbbf,0.004777070063694267
da8c934d-c44f-5b8a-b675-6ff16d7a7624,0.004777070063694267
72b8c8a5-b492-5ef1-8d6d-5b5ce17c5ca6,0.006900212314225053
289035ae-55e1-5cf3-8409-0e1aa2a97f2d,0.0010615711252653928
94cedd03-457b-50ff-8832-4fc840e5c85b,0.0021231422505307855
d31186cb-2365-5f75-9ffd-fe713972afa1,0.00583864118895966
78a377d5-a4b1-5a24-a949-b00e3d841d2d,0.004246284501061571
267948ae-1a91-56d1-8433-572683758c94,0.0021231422505307855
f07f4d3c-c19a-58fa-9cd1-cdd38d7f39de,0.0074309978768577496
c88fc32c-c408-5ed8-bc3c-97bed384975d,0.005307855626326964
3227a313-f3c0-5119-a36b-1ceabb2d9a4b,0.004777070063694267
4d267353-40dc-56a6-999b-355182b06b5d,0.002653927813163482
bb95a311-ddd6-5fd2-a22e-b048d55e04e8,0.002653927813163482
d654ae56-1e9e-5624-8e4a-0c2eb58ad63f,0.0037154989384288748
3ae20cdb-9f90-57dd-ac5c-d25574d3874c,0.002653927813163482
e1aca977-201f-599d-bb2c-f536c330f812,0.006369426751592357
367febaf-dabf-5d74-8826-4491c2cffb58,0.004246284501061571
2a86c4b3-f4c4-541d-a7af-1413e2e37067,0.0031847133757961785
4c25ac24-70b0-5024-b05f-0f5396aff012,0.0021231422505307855
1a5eb4dd-0264-5c41-a785-acdaee55773c,0.010615711252653927
60578073-0e1a-5d9e-a03c-3ab681bfca92,0.0
09e25506-2ba5-5437-9546-e5524b9c2665,0.0010615711252653928
faf91345-c001-5b22-84a1-a75f383da5eb,0.002653927813163482
cc3e8d92-3791-5539-bfce-ed18e367f04e,0.007961783439490446
47b7d393-da0c-5876-87ff-8101cbc6b482,0.004777070063694267
f5fd3a1e-dd3c-5247-8725-f07fabdc7486,0.004777070063694267
1982e975-e117-5760-bef1-bad9e2f840db,0.0010615711252653928
5e63c74c-fd9b-5c1b-8d61-f04288b6e312,0.0021231422505307855
2679157b-7786-57eb-ae22-f1d4a4014e55,0.004777070063694267
60bd2724-3bea-5a8a-8a9d-257ff596ca14,0.0015923566878980893
2325b15b-c706-517c-a65f-6d7afeb10f28,0.0037154989384288748
6a5aef14-8784-5b34-9261-aa6fc83b6bd4,0.005307855626326964
0d6efab0-043a-5efa-bab5-4a8559bdc18d,0.006369426751592357
bb572826-bf4b-592a-8283-2451cff36086,0.002653927813163482
c62ee57e-8128-58e0-8347-2c11227b39d9,0.002653927813163482
3112ada8-0fb9-5851-a0e9-5f533023b7b1,0.0021231422505307855
aadb8229-99ff-5e6d-8732-d4e6e8eafe80,0.0021231422505307855
2cf018d7-d7a1-505e-bed3-b7a9dde51587,0.004777070063694267
1d078c94-22d1-5c47-840e-9faffda839ea,0.002653927813163482
3c423936-d41f-53b2-ba7e-7d63f35885f1,0.0010615711252653928
edade3f1-c5b2-516e-b5cd-a137440a0a55,0.002653927813163482
720ea24b-38ae-583f-b98a-d511fc2c3e69,0.0010615711252653928
b1fcb3fa-d0ff-5716-9c19-6dd727069203,0.0021231422505307855
a4f231b7-18a4-569f-9e0b-a1a1ba83eb6d,0.0031847133757961785
fd0535a8-6943-5141-bb36-57142a073835,0.002653927813163482
125a5fdf-b6ed-5b4c-a8fe-6ce1575e6796,0.0010615711252653928
51e482e8-ba69-5806-8ab7-f262deabfe2b,0.011146496815286623
0dcdfea6-3214-5960-bff1-f81c4468dd85,0.0010615711252653928
5e2250a1-5065-5c30-994d-e67975be3c60,0.007961783439490446
09216b90-593d-5641-b858-0f39e3baa865,0.0031847133757961785
a2d2c353-237f-5069-ab61-d54bcae36a44,0.004777070063694267
1bfc0595-176e-553f-a441-7950b9738fe6,0.002653927813163482
e34d6409-c13b-51e0-ae43-34b04eff49ee,0.007961783439490446
24eb06c1-fd51-5485-803c-e656ac2c91af,0.006900212314225053
f9f157a7-eb74-52d2-a1d9-54400d0078d2,0.004777070063694267
b1382e2b-1ebf-5835-84bd-ee12560f9d5f,0.007961783439490446
6b245950-59f9-5800-a922-73f3a0402e05,0.0
9781e200-b06e-5a2c-983f-70c2a5558140,0.002653927813163482
f863d89c-9a55-580c-ad34-9b3719e472ec,0.0021231422505307855
e18b7936-1718-5015-aa16-6d3936cb26d5,0.0021231422505307855
cccbe294-081c-578b-9c3b-5b9f75cdf2a3,0.002653927813163482
0fa51d90-44f6-57c4-a4fc-d734e7cde921,0.0021231422505307855
b7e2c1c0-4a9a-59ca-94f9-4ff4b9b9ca4c,0.004777070063694267
655bc861-74e2-5965-8e2e-e085cf50ff0b,0.0021231422505307855
e99d69d7-b374-59ac-a9a8-055ce4adbd5a,0.006900212314225053
4f5786c7-fbc2-5846-92e9-d05b174e17f8,0.002653927813163482
fa89c2dc-26b5-52b3-84db-151c869fbf29,0.002653927813163482
02ee2c02-ecd7-5462-a8d3-8a97bbb0b3a2,0.002653927813163482
f5aa3bb2-7b36-5f0d-b388-3325778574a7,0.002653927813163482
1eecfbf5-779f-5727-bd99-eb86fc41cea5,0.002653927813163482
a785146c-0763-5c6f-a82e-7bf1e3e3246a,0.0074309978768577496
be922faa-ef87-583b-91f9-f240fb02612f,0.0021231422505307855
ca792768-70b4-56d3-b179-2acfe17c7e00,0.0021231422505307855
f774c87a-b0b9-563a-9507-61f2049e0345,0.002653927813163482
3294a9bc-8752-515f-aff2-daac7c736598,0.0005307855626326964
d89db1fa-b2b2-5478-b47d-ebbe993b41ab,0.005307855626326964
5acf6efc-e0cc-501e-bbb6-dc1a38e77701,0.0021231422505307855
ffaa215b-a6fa-57d8-a9f9-ab53da2dd391,0.0037154989384288748
6b1c2dc6-48da-598d-8e4d-71be736eb1ef,0.004246284501061571
7253b9d4-d50d-5ee0-8842-e2132563d1ec,0.0031847133757961785
4cf50d1d-06f2-5808-a670-744d16f7729c,0.0010615711252653928
cb27aa7d-0d6f-5051-b680-e44b62da77a7,0.0005307855626326964
7c516fbf-12fe-5f41-ba91-c04f61fdbfc9,0.006369426751592357
7e767ce1-d14c-508a-a404-fc033372d19c,0.004777070063694267
d3524127-edde-5f68-ba0b-32409826c532,0.004246284501061571
5f4ed61a-2f53-5428-b259-c4b4306d9e97,0.0010615711252653928
c1815097-17b0-59a7-be50-5544bcb710fa,0.0015923566878980893
13d1a8bb-fb59-566f-a1d2-d215133c5f13,0.006369426751592357
cf01825d-fa32-5e20-a429-23d6d540fc75,0.004777070063694267
f81710e5-60db-58b4-b07d-6a5594678c69,0.0021231422505307855
b9160a30-5f95-5526-aad9-981a1438102d,0.004777070063694267
017a4083-8316-574e-bf21-76d61b486dc6,0.0021231422505307855
92434f5e-8ca2-582c-969d-d12e1e5006c1,0.0021231422505307855
f514eaae-caa4-5105-abd5-d454a9658df4,0.0010615711252653928
93ae854e-5f3c-585b-8988-c3a5e437fb19,0.002653927813163482
09982250-3343-5063-8359-ffde110fb1f9,0.0021231422505307855
80e511ca-2df3-5ff0-ae01-728f44d50462,0.005307855626326964
a22105f5-cba5-53e2-a7e8-1b03bb73575a,0.004777070063694267
5e905f69-7b7b-5194-88a6-fc2c4249c05e,0.013800424628450107
27dbbef0-b593-59e8-830b-69f5ae76b5ac,0.0021231422505307855
c9b6b0b1-16f6-5543-9b4a-673895322eff,0.002653927813163482
1641dc21-36ee-5cc5-a776-5d487662af9e,0.0074309978768577496
579b4ba0-95f4-5fb0-9a5c-88f793ba694e,0.0037154989384288748
1acccb8f-fdc1-54cd-9872-763e9e9ee5a8,0.0074309978768577496
a23f6ec7-3f10-5914-88b0-0818e55b8506,0.0021231422505307855
329660c6-b0fa-5264-88b1-40925689cbb7,0.0
cf37b197-4808-5111-b61c-2dbada4d084a,0.004777070063694267
9e049c9f-b5ea-51c7-8dcc-acb8e9a99150,0.0021231422505307855
16eee5bb-ac71-5b94-bdf2-d41d5299bccf,0.002653927813163482
4eb9042a-b493-5f4d-9cb9-32b9b205e53f,0.0021231422505307855
fd552dee-640a-5648-a60f-f50bd82176df,0.006369426751592357
50de8c5e-6fb7-5466-a548-f5e128f57fc0,0.004777070063694267
64aa2a19-9d25-572a-8f78-81d51551df96,0.004246284501061571
26e3a3e6-9dd5-5cc4-8708-670dd6986d22,0.004777070063694267
922bd49f-550e-5161-a3d4-598052fe0c91,0.011146496815286623
a905375d-3c71-5e99-854c-8e65dab8f85d,0.002653927813163482
e879b920-97af-57a7-8b23-a6bea5629e18,0.002653927813163482
6ec2f31f-c79a-52c9-90dd-c7346b318be0,0.0
2aea5c06-2ff3-5fc5-9890-5d9cafa13559,0.002653927813163482
ca3a328f-2149-5cfe-a982-70084a31bd34,0.002653927813163482
c3b8be0c-4ec8-5e94-8e97-3e1a1dbd2d40,0.0005307855626326964
60e1125d-bb44-53d1-9086-a9419b34d48b,0.0010615711252653928
f95eb762-0fea-5580-a252-7609b2ad4cbc,0.0015923566878980893
5244f427-6ab4-538f-bcc2-5cd08bea1543,0.004777070063694267
77439f88-c365-5b32-9522-2bf5e325a384,0.006900212314225053
9b36b85b-d9fd-5522-bfde-0367fdf1ae1e,0.0037154989384288748
0efa3c72-5512-5669-ae32-10df78b05d42,0.002653927813163482
b2953299-14ad-50db-9bee-362a6cfeae1c,0.007961783439490446
8780e35c-c156-550b-9f23-fa1e3f685fe6,0.0010615711252653928
4b64d52d-a8d5-54ec-bde4-f9971adcc5d9,0.004246284501061571
cc8c0773-b367-574d-8146-a3def71f56c1,0.00583864118895966
ae0685b5-0697-5df6-af1c-a9b597c308e7,0.005307855626326964
d0b5b5a0-8b93-5c70-874b-e19f5d3674a6,0.007961783439490446
ce3fca56-9f55-55ab-b32d-6d41a75b6b54,0.0031847133757961785
4169cfbe-c663-5996-8a21-0f2bdde41d57,0.0021231422505307855
2a208035-4d38-523a-bd32-5ec78b05403b,0.0010615711252653928
993d8d82-721c-5027-9ed6-1457981f4e95,0.0031847133757961785
1822bbc0-e3f2-57ba-95ec-ab7f6c5519fc,0.006369426751592357
6c3028f0-ffd3-5c86-b052-d84aaf78f09e,0.009554140127388535
51f9720f-ea97-5488-aa46-559a781117a3,0.0021231422505307855
bf55d327-2c61-5f52-8adb-35e8923cdef8,0.0010615711252653928
5c82def2-2508-590a-88c3-cd86271248c9,0.0015923566878980893
03159728-f80a-5807-8ea8-8a001aab9808,0.004777070063694267
b4ce4f28-db4a-58d3-9a12-7348123a2634,0.002653927813163482
75fd6a96-19ca-5b72-806a-29ea8f86d0bf,0.0021231422505307855
f062288c-0615-55cc-9920-f6686d349bad,0.0021231422505307855
55147efb-d57b-55e6-8f17-bdec09d0045d,0.002653927813163482
2a5ac2b3-0dcc-5e1f-9ff2-6d8eb2698d53,0.0021231422505307855
af90075a-3f4a-5d3f-a1bc-3e3222c5de26,0.002653927813163482
51d224ca-6e08-5f8d-96cd-4e4cdb137f31,0.002653927813163482
dea0fddb-7b37-52fb-8f04-805845b74397,0.0031847133757961785
1c5cb164-85d5-5ef1-b38b-77b6baa140c9,0.0021231422505307855
360cbb1c-5b46-5883-88f0-1ce16efcc814,0.0021231422505307855
8f7d8b97-7976-5332-b349-5df532112305,0.010615711252653927
e1e603d8-02a7-53d9-ac48-db5c22e145ad,0.002653927813163482
809e379c-b334-5b09-a890-e5d5d488b8d1,0.0010615711252653928
f15ca473-71f1-5ea8-920d-1adcf35c9a39,0.006369426751592357
decfa11d-9b29-5982-a9e9-8efaf969b1b2,0.005307855626326964
7d9fda6f-6900-5305-994c-a6c414d0a48e,0.002653927813163482
61701271-0018-5026-bcea-40091f10114a,0.005307855626326964
75e170b4-32a7-50c2-a2cd-377d383f5bf3,0.004246284501061571
645929a7-e3e1-588a-b55d-d26f50ce84bb,0.0021231422505307855
f905f02f-327b-5df9-828a-b7a9e559b0f0,0.0010615711252653928
397ba6a2-2f8f-55d4-bdfb-b1025fed343d,0.004777070063694267
9bc8469f-6448-5da2-ac54-fd10021c80c0,0.0021231422505307855
29668938-7fbf-53bd-996c-bfc7564cb957,0.0037154989384288748
3027a0ce-dc2b-548e-9079-d4f658a0236e,0.010084925690021231
ab62b976-426b-5f91-b82a-a71a3325b469,0.0037154989384288748
c5f5a62a-1a44-5748-a2ee-98d0f4956047,0.0074309978768577496
bce69674-2f00-5e50-8429-70c9705bf798,0.002653927813163482
60e864ae-ddf4-52c9-86db-90fb0ed43f2c,0.0031847133757961785
50046705-9289-56b7-9c87-02a8a2bd3059,0.004777070063694267
0957bc89-bdd2-52be-b5a2-959f08048cfd,0.0
f8b8eb1b-f437-5eb2-89fd-9f24fb9a0b51,0.002653927813163482
24a02142-9398-5727-b994-6b905480e4e4,0.0021231422505307855
841a8911-1431-57f4-8f2d-9124ef4a738d,0.0037154989384288748
5e3eb1ab-3c32-5dcc-9198-040474671d2e,0.0031847133757961785
748adbd8-3a6f-568f-b7cc-8a3a4c20eaae,0.004777070063694267
26f38406-14ac-5aa1-bd63-cc80a43d0e85,0.021231422505307854
da521029-3a23-5315-8bee-20fa108a6759,0.0005307855626326964
8e33dd6d-2de0-5724-bd80-b263b5fd9e31,0.002653927813163482
aab5d543-5d43-5852-9dc6-de6993ce09c3,0.010084925690021231
950476d9-1f0f-5032-9a0d-8bcd877f491a,0.004777070063694267
6f957924-8178-5d1e-ae1d-1aad2d9e5e4a,0.004777070063694267
7586df07-54d0-5757-879e-a3378e17b64f,0.006369426751592357
156dbe6c-c0ee-55eb-926a-fd353029699b,0.0005307855626326964
d1b38b10-3bcc-5c09-8a07-0888b4d36fa8,0.0021231422505307855
bdbd3846-5d38-56c7-8a8e-030788fca808,0.015392781316348195
604a4ede-32fc-5df4-8179-5f9c8fd5cd74,0.002653927813163482
c8c868f1-cf2a-57d3-bfec-d98900470c50,0.004777070063694267
b2149118-2f16-5666-90f5-11ebe424fccf,0.0021231422505307855
ec725f4f-99bd-57a8-b5c0-239905b74891,0.004246284501061571
89a41d27-dd43-50a5-a93f-be3c7308ec93,0.0037154989384288748
5d356258-d294-5add-9b0b-ab5c38725e11,0.010615711252653927
b2217620-025a-5ee1-92cc-ae44d0a3c04b,0.004777070063694267
2fc10350-3fc1-55ef-9e1b-d31f6f4ccf28,0.0031847133757961785
8308e525-7c39-5156-bdd9-7f4d0fa5b5f5,0.0010615711252653928
10eb686f-a2c9-5e91-b001-b4df22fee1a1,0.0021231422505307855
02837936-5ff0-5c48-b40b-f9d4c9ae7939,0.0010615711252653928
b32a2489-86a1-50f9-a781-cc766de53279,0.0021231422505307855
a8f018a7-e44f-506a-8700-e27b9926bc63,0.004777070063694267
4e684b82-caeb-5861-846f-4e043849c608,0.004777070063694267
38872870-1b73-5e7b-b8eb-4d9593fe3b2d,0.004777070063694267
94d7c372-53e7-5279-8751-67503912161d,0.0021231422505307855
8f63d5c1-957b-5b9a-991b-2b2f2b538ef3,0.004777070063694267
7e6b5040-91a9-5043-a7c2-bbf6eb022b38,0.0010615711252653928
2376a243-0c75-5e88-a97e-a6e2cdfd6b8b,0.0010615711252653928
8cd6f0dd-6546-591c-9f5c-c98ec1f41c90,0.004777070063694267
dc59d589-53af-5c93-8dbb-85c18fa9acc8,0.002653927813163482
1a2e6b2a-e9a6-5507-9308-f5892bc8c762,0.006900212314225053
d91508b3-edec-51dc-90d0-e62c29db4c2e,0.0037154989384288748
d6367a7e-9eea-5e6b-933b-1e24a606a1b9,0.004246284501061571
f2f7977d-d25c-54ff-bc26-d9ea289297cc,0.0005307855626326964
c1230ad4-2e56-5d64-88f4-0284d15858fc,0.010084925690021231
cb2c5ffc-fc06-57cc-83ac-90a1fc5fdb45,0.0010615711252653928
121ae2f1-e972-5689-ad30-3a46f94a06bc,0.0010615711252653928
0c065e94-6e2d-5de6-9462-bb076f1795d5,0.0021231422505307855
4938fc7c-2605-5e5a-9465-4a21268d628f,0.002653927813163482
de6156c4-313a-564d-ad59-1be8bf4ba2f4,0.0037154989384288748
73670f46-7270-508f-9dc4-f98a5a9cef44,0.004777070063694267
fba3a6cf-404d-5da5-94ea-bb7bb59257b6,0.004777070063694267
cbfe2ff3-4cb4-586c-b0de-6f58604abb87,0.0021231422505307855
3fa26a68-fe75-5311-8f51-35a057f74a50,0.0074309978768577496
05bde9af-7077-58e0-b5ec-f6542b9ef867,0.002653927813163482
4946ee4d-5db8-5e4d-acf1-752010b2b098,0.002653927813163482
4fcc7b63-c648-5a42-a12f-66de1e5400c5,0.00583864118895966
5ccd4c49-c0eb-5bbe-afda-2a2365cf1dd7,0.0021231422505307855
78911b83-3a88-52cf-9d35-67e5c38014a8,0.002653927813163482
d026f531-34e6-5cf1-b37e-4661fde98643,0.0037154989384288748
2bbf42fa-fd49-5f39-8c30-576914f7b6dc,0.004777070063694267
9043b57c-b27a-553d-8efd-1357fd678564,0.0021231422505307855
5c1b3abb-b5e7-5241-876a-f4d1642cf527,0.004777070063694267
97f3fce5-d3ef-50d3-8eba-f7776ec06fc1,0.00583864118895966
1259d7db-08d5-520a-9bf7-3dd419d068cd,0.0021231422505307855
4c33f77b-a673-5ec3-b730-1ca05437ee06,0.002653927813163482
d25f636c-7bc9-5bf3-8aba-8de0e1adf93e,0.0021231422505307855
2989c910-dfc5-51d7-b846-692f807c9bc6,0.002653927813163482
a48f7ab3-273c-5faf-a21d-370e9db94904,0.0074309978768577496
b5b67e42-3a6d-526d-8d86-dc3a555f0a5e,0.005307855626326964
308685e8-9694-568a-b89d-cf879b997fd5,0.004777070063694267
305c9466-9d04-5f65-9dde-38b050f739f0,0.0037154989384288748
665aa258-f922-5936-a66a-f4915ce340c0,0.004777070063694267
b02ff59c-05f8-508c-b7e3-392c90816358,0.004246284501061571
1eb931b4-5cce-5a7c-bf8e-1c2c0d4297b9,0.0021231422505307855
532c4487-77e6-5e83-810b-e1c8524e3ed6,0.004777070063694267
df62ade7-0246-54e1-8adc-8a157af805cb,0.004246284501061571
26213ca8-bbcd-5a98-8d56-30f29f037fe6,0.0031847133757961785
7d03d77e-c81b-5ec9-a32e-f80381574606,0.002653927813163482
0224506d-234b-567f-b362-2fa92df015b5,0.002653927813163482
c93e66d3-63ad-56af-8bd2-420fd6bc324e,0.002653927813163482
4c8e4940-f352-5d2b-87c9-334aa604ccd4,0.002653927813163482
dd837f0c-6b8f-53f0-9f4d-57a1be76ec98,0.008492569002123142
fab6fba8-6ca5-5cab-9fe2-96a33217a750,0.0021231422505307855
e83678b1-11ae-5885-9191-871c30734e88,0.0021231422505307855
1c763de8-c816-5cfa-aa92-d836e59afb01,0.002653927813163482
226d0c37-93c7-5d85-96d9-511e42141280,0.006900212314225053
7f6c6f72-32f0-5b9b-924b-acf846b5d7f8,0.007961783439490446
dd80197b-1bd2-5783-9702-4ce926cee985,0.0037154989384288748
28a5ed6d-3bb5-5627-b354-b99f9afe2e28,0.0037154989384288748
fdfa3884-3bc6-5cae-a6c8-b51d50e25abd,0.0021231422505307855
8d155576-2c19-5b59-b533-cc8332521a69,0.0021231422505307855
5b063434-7203-5e1f-b83c-21fb8aa497ef,0.0021231422505307855
f644fb49-624e-5a9b-9751-9681532623e6,0.002653927813163482
5ed66a77-1a95-55b0-af6b-cb15a00ffe6a,0.007961783439490446
f8e8d18c-fe8b-5181-b92e-ee74143f8766,0.002653927813163482
d508a16a-deab-5d28-b823-faf2ddb7e358,0.002653927813163482
337bb6ed-f0d5-5aae-9900-458650c16719,0.0021231422505307855
72a2ca20-fed4-5c37-bd71-c66e3be3a2eb,0.002653927813163482
24be866c-ad1d-505e-a05b-ae5b851ed319,0.002653927813163482
68498895-b279-564b-9867-d7123b339c92,0.010615711252653927
53c8409f-e69b-5f41-99aa-fcbcfa193858,0.00583864118895966
c2035f11-6a64-5829-8a9c-ec4331845639,0.0015923566878980893
523e9d8d-b90a-5275-8f56-f7c79611bd59,0.0
4d01fd54-af72-5829-8b33-50bb4dd6b0b4,0.0074309978768577496
7b1ad872-b074-5c07-b782-2c01aaf30e02,0.0021231422505307855
0c49d58c-7a43-524c-92cb-b78a2fd5d226,0.0005307855626326964
cdf74981-543f-52ec-93a3-3abe914f4c40,0.002653927813163482
1c84828d-a353-5f54-ab55-0626fd000b51,0.004246284501061571
70fba671-2dea-5c61-98a9-ee31142d3f84,0.0021231422505307855
47fa3957-9b3b-55ae-ab80-90ed93e01494,0.0021231422505307855
3aea66af-0980-54f5-aed0-59a546d0ea2e,0.0021231422505307855
c5fcb110-9a34-58dc-a137-431fbf2ee029,0.0021231422505307855
dd4e2948-c50e-5abe-abe8-a7e9825a9bb0,0.0010615711252653928
25a95998-6b71-5459-8b2b-cdd36636497b,0.0021231422505307855
b5ffb7f0-1ea0-587b-b207-becd4e89712f,0.007961783439490446
ec90df7b-11e8-521a-92db-80aa683b140a,0.0074309978768577496
2a574fc3-41b4-53c8-8613-1029842d52cd,0.0015923566878980893
f53f2b68-06ca-5ff6-9ee8-0131b0772f03,0.004246284501061571
fb32d666-07b6-552e-9de4-84f514abebd9,0.010615711252653927
d1ec8a1d-3455-56b4-9bf2-7a34beb28cf3,0.002653927813163482
01686adf-04b3-55dc-ad51-872a14c665e0,0.00583864118895966
37c566ef-09f8-5e6f-993a-abd862adaf2e,0.004777070063694267
16af5d62-ce41-58c4-8370-d26a5c0ca405,0.0021231422505307855
a0f78007-70b6-5e5d-b8ed-2c253cfd7a30,0.006369426751592357
1052d740-aaa1-5ba6-bc9a-6b3d987e50d2,0.006369426751592357
0cfab437-014c-5607-8743-89454fcf76c1,0.004777070063694267
470f14b4-f5ce-5d9f-b953-b2366c639938,0.0037154989384288748
53fa4179-340e-52dc-8f2e-0b84526a7de4,0.0021231422505307855
6e7e158f-abff-500a-8fed-b9fc0fbb911e,0.0037154989384288748
1aaf1ba5-89de-5741-a23d-9dff393b4a73,0.0021231422505307855
cb54c97e-0eec-57ab-b690-9ba746e6bc52,0.006369426751592357
c919e2df-53e6-54c2-92e1-0ca4e8fdc2c1,0.006369426751592357
358a5d42-cf36-5154-945a-658866136d8e,0.004777070063694267
31ae1b40-ccd2-5c5d-a532-b8dca86f4b14,0.005307855626326964
2d46939d-b4d6-57f0-8822-c5b0ea64523a,0.004777070063694267
d7de35b3-a883-52d7-b810-26359dea51db,0.002653927813163482
4da0c46e-a528-502c-b4d8-f15136176cec,0.006369426751592357
7efdabb1-3274-550e-913b-6fb079be306e,0.0010615711252653928
ab913e46-62e0-5e7b-8d04-8978e7426dcf,0.0015923566878980893
845830c3-420a-5bf1-9f46-e41e8a2acf35,0.0021231422505307855
021b168f-c1e0-5dae-96fa-8f48c76d685b,0.010084925690021231
e3ba97de-5985-5751-9e9a-63d8a5155b73,0.0021231422505307855
c6bff9e4-4555-5b04-9526-98f32095023c,0.004777070063694267
b32f5e43-c7a3-53f3-832c-4a006a2cd41b,0.0021231422505307855
322cb60d-c1c9-53e8-a3de-994d5bc20e65,0.002653927813163482
2822d146-0238-590f-9054-064bd670b4e1,0.0015923566878980893
7ff21854-e039-512d-883a-1ca4d109d4f0,0.004777070063694267
45619496-3760-5df9-86f8-b48dbd6efa92,0.006369426751592357
aa27aa9a-a224-56a1-bf7d-6c9302eddd77,0.002653927813163482
ba0357df-f3df-5ead-bf68-3cec422c2850,0.002653927813163482
c976bbc4-1877-50b7-aa20-b814f06c717f,0.002653927813163482
66f1db07-b964-56c5-99e4-d622ada12a77,0.002653927813163482
ec586d57-7973-52ec-8e46-2d0b49e3ed92,0.0010615711252653928
5c3bbf9d-556d-59b9-a76c-140b92a4a10f,0.002653927813163482
20ea29e6-84e6-5e7f-a0dc-b485e3948e0d,0.020169851380042462
df7fd65f-0ff9-5ae4-a36f-67c41fedd0b0,0.0021231422505307855
ea57ba65-a2e3-5b99-afda-b61d05822d09,0.004777070063694267
aff7f0a3-8957-5d5b-8394-8e916b0757f4,0.0031847133757961785
1495838a-fcee-5fcf-bbdb-7f0cd81dbb9c,0.002653927813163482
40dd8d96-f89d-555a-919c-1f2b23b1db9e,0.002653927813163482
92675477-331a-5e0e-b965-9d71e64595a2,0.0037154989384288748
472c6e7a-352d-53f6-94c0-adcdda605567,0.004777070063694267
adf14c44-495c-52ed-bd1b-473a17ac87be,0.0010615711252653928
6324c08b-6ac4-541e-81c1-7b13898ec42f,0.0021231422505307855
03143a59-f574-5654-89c0-aeda8f728885,0.004777070063694267
4e4c032f-5299-568d-9ff5-59e86976e7b3,0.0074309978768577496
acdfacee-8943-5679-86d4-74b5b5ffeb88,0.0021231422505307855
96a32dd8-a84b-5f94-b3bf-c4dd1ce70177,0.004777070063694267
d9d2164f-1321-55f0-b8a7-938ef46f0f0c,0.0021231422505307855
15818345-64fd-5ad1-a401-7a0bc2588922,0.004777070063694267
bcce5510-200e-5a27-9ff2-75495deb33ef,0.002653927813163482
f7003d88-9ff5-501d-a184-96cfac09805a,0.00583864118895966
71a60e6c-5592-5ba2-af28-2bdab2ada220,0.005307855626326964
77ad0747-5070-5b3f-b412-6552724cd1a3,0.004777070063694267
241eb458-6887-5adc-b3bc-70887d7bfc36,0.0021231422505307855
8cbecd02-9882-5ce0-97e3-44cebb326c03,0.004777070063694267
9c10b75b-3f94-55da-a4f0-c9507844e4be,0.0021231422505307855
93f5e8c8-3aac-53fd-914d-9e7d829c25bf,0.0037154989384288748
b1036b2e-3411-5744-b036-3b5d91489d9d,0.007961783439490446
586de770-496f-5bcf-a99f-3588df7fc6a5,0.0021231422505307855
1e73e04f-9d04-55a0-86b9-d5d40e9e493e,0.006369426751592357
d68fae44-d129-5988-a95e-e1d816e2c883,0.0031847133757961785
21e95b91-5721-5d66-a111-226fd9a719c1,0.007961783439490446
38b075cf-8e63-5641-98a3-410b6812174f,0.002653927813163482
d96159e5-82a9-55dc-ae5c-7256eb16d94c,0.0005307855626326964
72b34d83-df66-5962-a786-47d9cb6a515a,0.0031847133757961785
ee6bdb89-aad8-5fb4-aaaa-29e273fc1f01,0.0021231422505307855
a51aa799-227d-5196-b66b-716a60474e51,0.004246284501061571
28bc418e-7468-56cc-baa7-918e46abe343,0.0021231422505307855
5e98a4ed-5448-5f61-8739-ad1c43609806,0.002653927813163482
63df4f82-b33e-555c-85e0-1d9fa5c0c0e0,0.0074309978768577496
fda0b7ca-d8ff-5ae3-8156-a18a600974d4,0.0021231422505307855
f647896a-e15d-5f60-80cb-3991897519b3,0.004777070063694267
487197d1-b35b-5ade-bc5c-603be7af268f,0.00583864118895966
0e59d643-4e05-5e6b-a454-02ca9ac6d232,0.0074309978768577496
69518367-45ff-5edd-a57d-ccb19e6a6fc6,0.0074309978768577496
71f01924-cdd3-518c-b061-8490196e96f9,0.004777070063694267
6c933870-2739-5634-b5a2-5c77d6d7c845,0.002653927813163482
a1f1a5f7-d09f-58a9-ad00-7ce3eb4ae940,0.0021231422505307855
b25ab57e-1706-5e85-b2fb-c03eef46fe3d,0.0
bc14d198-1635-5ba3-bd1c-0f412cbd65b1,0.002653927813163482
ca12cb9c-f54f-5fbf-9ee4-6398dd452e90,0.002653927813163482
688c7f41-8cc3-5180-832b-d7160b707e99,0.0031847133757961785
58701a47-5b5e-55de-92e6-85427266fd3c,0.0021231422505307855
c7cf96d2-8433-5cca-9661-b6f2f9f18e28,0.004246284501061571
169b4886-3bdd-5eb9-8bc6-0739f034dced,0.0021231422505307855
bdfe9854-cc11-5af8-9574-4e214744fd22,0.007961783439490446
ba0f5062-e4b7-5d35-9c6f-8921e4d05985,0.0021231422505307855
a300acad-fa47-5b99-a572-f192e6cec645,0.0
0f818fd9-4cbc-5f6f-ae51-d415bb105e88,0.0005307855626326964
a9aa0581-cd42-557c-bec7-8912efab360f,0.0021231422505307855
bad51bce-c5ab-54eb-af1d-7f2a4831faa1,0.004777070063694267
ef5c481e-ddf2-5d46-9d47-2be70859bec8,0.006369426751592357
4945bba4-9646-56bd-99f4-2a161262e157,0.0015923566878980893
ac7a9540-2a00-56b9-955a-bb4071ac20a2,0.002653927813163482
81beb843-3efd-50e4-a656-6b5dbf297e74,0.0021231422505307855
2299e80e-868c-57c2-aafc-3180807a0778,0.0010615711252653928
b19be553-5571-529e-b381-d0bacd0d0fd5,0.0021231422505307855
364bb406-8be1-5a05-bfe6-9ae3bdc78c66,0.002653927813163482
2d8a973f-99a7-5b0e-9ccb-146106d77d62,0.002653927813163482
7f0ca6d8-6e4a-570b-b210-8edaada969db,0.010084925690021231
9b3d606e-68bb-559e-a52e-124f20329d6b,0.019639065817409766
21104f7f-b408-5e3d-b88f-a3d3d7c8ab78,0.004246284501061571
5a3b85b1-3449-586c-adb1-2684e30d2bcf,0.0021231422505307855
9bfdfcd3-edf1-5288-ae12-67db7f3f9f46,0.002653927813163482
72414897-4762-5f89-b8b6-053a385545e5,0.0010615711252653928
77947824-1290-56fb-9fb4-56d0fee82bff,0.0021231422505307855
eebaf9b3-7e5c-5dac-8933-8d03fa50eca2,0.004777070063694267
034a6551-8ee4-5b25-b33a-4435ca3f7d82,0.0021231422505307855
817aec02-54e4-5880-9b71-845d45739471,0.0010615711252653928
1c571a2b-851f-5d4c-92da-b3ee1ee57650,0.006369426751592357
42659951-41ac-51a3-b11e-0f56ac6f10a6,0.0074309978768577496
29b12fb0-7d78-5dd0-aa4d-fb40dbb945ea,0.0021231422505307855
7b18b2c5-6b7d-5728-ae41-5f329ce5b734,0.002653927813163482
e43adc35-b047-5bdd-b217-ccdf01cda398,0.004777070063694267
67faad6a-0335-5c99-94f3-ce86a8e0615a,0.002653927813163482
a8edc2cd-de34-5f09-88b9-de0cb6242054,0.005307855626326964
416a93f5-dec0-56a4-9003-a2530630000e,0.002653927813163482
1e627166-0dec-5a85-b7fc-4a52113fdf91,0.008492569002123142
5be64636-24e1-5854-afe6-012ba9764056,0.0021231422505307855
db999dcb-17e0-5338-b700-5e2dee9bc046,0.0021231422505307855
a7e6802f-70df-5346-b2fd-96c78ac97b7f,0.004246284501061571
a6be83fc-0479-51ce-b112-23adc58f5ddc,0.004777070063694267
3c53dfb7-758b-5cf5-ad40-bf26acc4b657,0.0
dcf4be04-e34f-535e-8b3b-b62db4dcce77,0.0021231422505307855
a86ed96e-a515-5f10-b313-5f7c72f7d5e4,0.0021231422505307855
99342362-5730-5ed5-a0c9-6685d358d8c0,0.004777070063694267
f0244e3e-2e0c-5e72-a3c5-a00724c8c7dc,0.002653927813163482
ec724285-ebd1-53cb-b95b-634273ca68ce,0.0031847133757961785
1f47dc54-0fd3-5765-9134-17c8b3b51324,0.0021231422505307855
e40d38ef-6f7d-53b5-933c-211db2758be9,0.0015923566878980893
3b240fbd-763d-5d95-9ab2-a21a8cda7c20,0.002653927813163482
fa0bda2a-a889-5eae-a19d-f57d73918bdc,0.0005307855626326964
f744400e-4abf-50ac-b30d-24fc26b8f9e4,0.0021231422505307855
43ac3f68-a2d2-5903-8c66-d644b771a8b7,0.0021231422505307855
a644c339-2194-5d50-b065-93f485aa7113,0.0015923566878980893
48eaabb9-5e56-5889-abcf-137300df5ef6,0.002653927813163482
ea6ccc01-f5a7-570d-a59a-485b0a0671aa,0.004777070063694267
0d7c1cce-ddfa-5045-8d2d-ed5296ea7772,0.0
6587bd8b-1838-54f3-a5ab-5e2ebdc3fef1,0.002653927813163482
e050df63-fc87-5628-978e-7873754ef80b,0.0021231422505307855
e14492de-152c-59e4-a96e-2cca44a7396f,0.0074309978768577496
bd25fe6c-2f82-5d66-881e-efb66129d027,0.002653927813163482
28ffb541-f5b9-5e21-98f6-98723ef31d88,0.0037154989384288748
8c5659a2-f247-5a57-8236-5939fdce8f5c,0.00583864118895966
c7044176-f4ba-514d-91a6-f8515eb61cf9,0.002653927813163482
2ce6afba-013f-598e-bc01-92295fe94388,0.004777070063694267
f1df205d-00e1-5bb8-94cd-9127296dcdb4,0.004777070063694267
3db81599-7a99-5a5e-857a-1f588e45b14f,0.0074309978768577496
c300ed7a-d946-5621-9699-9187f7ce1f94,0.0037154989384288748
fdf9db64-f36c-5304-8935-2d37f26a8a24,0.004777070063694267
02f7106d-4c83-5eaf-adea-912b6e6af868,0.002653927813163482
13c78491-51cf-5b72-bfcb-c59102810231,0.0021231422505307855
b3b4c626-ab37-5cd8-a2e1-2a8f936dbbef,0.0010615711252653928
7046f5ba-c501-5f7d-9bfe-1291399bbaca,0.010615711252653927
221ce651-60fd-5a3d-a638-60d870508fbd,0.0074309978768577496
dd1e720f-7f35-59bb-a362-6dd017a17796,0.0037154989384288748
cd906dbe-ac9a-58bd-a9d2-6a2b2ea56576,0.0031847133757961785
fc035ec4-b6cf-54fe-9419-ddc49d35c1f5,0.0021231422505307855
3177f358-1ca3-507c-bc10-940edf5f2324,0.005307855626326964
edea170b-6b42-5419-bc36-cb1d856ae024,0.004777070063694267
3515c8d3-6fff-5d46-a2be-052336c9f6cb,0.005307855626326964
65191371-a304-5605-b399-84fcc9a26d51,0.004777070063694267
f39025b7-506c-55b0-9add-1faa555c665b,0.0015923566878980893
9b812286-c209-5fe9-82c6-3ca59507f506,0.004777070063694267
8a19a073-e93e-5ebf-8b86-357696e378fa,0.002653927813163482
75fc9cb2-750c-53fe-8621-0e6fa12b73cf,0.005307855626326964
1f95eb66-d2b1-5636-8aeb-b5cf26235870,0.005307855626326964
95025a8d-3b9b-5928-ac91-26eedd0e27d7,0.00583864118895966
c6bdf148-a57e-54ad-8837-1cca29841007,0.010615711252653927
01922ba0-27ca-53b5-b583-bbac61581efa,0.004777070063694267
306148cf-f455-5ad4-9b41-60ec68af13ed,0.0074309978768577496
0defca5c-d4c1-50d5-a54d-34c7f77adab2,0.0021231422505307855
4d18e222-cc6b-5f49-883c-0ced0e4d00be,0.0074309978768577496
818bc9ae-44ca-5e33-9ef4-e9f99ede9d5e,0.004777070063694267
39809481-1c0f-59dc-b4a7-8ff7472d3bb8,0.0021231422505307855
b6883a12-17d2-5ff2-b376-f56e8e5ad232,0.002653927813163482
724a4656-ef45-5a31-a645-d754a3b60eff,0.006369426751592357
24770a40-934c-5efa-8dc9-12c6bcef4706,0.004777070063694267
e0dbe3b2-0549-50cf-a9df-103244609808,0.0021231422505307855
99dfc0c6-88fa-570d-8448-82366a59dd3f,0.002653927813163482
ab23ab4a-027f-55f5-a330-5a7d6d088102,0.002653927813163482
a9b9c70d-e8bd-50eb-bb4b-1510191dc061,0.0074309978768577496
8e573fa5-be71-5f9f-962f-11649f9ed5a9,0.0021231422505307855
3864ea2b-4087-5d20-8fec-d3df1e43e78c,0.0010615711252653928
edc8d872-0c77-5f6a-8d1a-fd85c6d08f5a,0.0074309978768577496
c4fbea70-3d63-5911-908f-836a580ccd4b,0.0021231422505307855
cf6c2a7c-424d-53ee-8627-fc9036aa7bf9,0.002653927813163482
1e9f2f9e-e680-5b6d-a191-71993635145c,0.0037154989384288748
b285e47b-617f-5ab1-9963-429e97316cdc,0.0010615711252653928
10e75189-a4fe-504e-b845-b095774ebb77,0.002653927813163482
0ded3190-f66c-5424-ac7d-920aa9926c3f,0.011146496815286623
1fe36fdb-e9b7-58d6-b9da-38f27ad78ca9,0.0037154989384288748
c3b99a78-1f0b-5d9c-b22c-b9c506a5f737,0.004246284501061571
2092df02-df11-5f3d-ac34-b2268dbeae99,0.0031847133757961785
46a16dd9-dfdd-5e18-b375-f388432e47eb,0.002653927813163482
2dcbb399-806e-5b53-875f-e8b81ab27d6a,0.004777070063694267
acfa7a44-6531-5820-8b74-b4e52d102695,0.004777070063694267
6289d1f5-4944-5aa9-a408-7c6c142dbbab,0.010615711252653927
5ec0ee7f-2c47-5efe-9532-5248288e3b3d,0.004777070063694267
bbd3bb36-a6c2-5b72-a4f1-fbccf6be13bd,0.006369426751592357
bb5820f0-be3b-541c-a3ac-65b55a3fc778,0.006900212314225053
6a4a5109-63f2-5e38-939d-55eacc383625,0.002653927813163482
f25938e2-e403-5810-a1e5-e2792e9b82d8,0.002653927813163482
8042b3cc-e3ba-5981-b532-61dc9d332458,0.0005307855626326964
f3f714c1-53d9-5afe-8c8f-831a7f64be86,0.0021231422505307855
cfb05f8b-cfc6-575e-a022-d421bad04f1a,0.0005307855626326964
8a89a344-a44b-5bb3-9487-15b2f72544d1,0.0074309978768577496
e16c4cf8-e97b-5528-bdf5-d853290ef4ec,0.002653927813163482
bf2e1540-e1e6-5b2a-9ef1-0695e23dc6c7,0.0010615711252653928
f6f2cf63-0e25-5437-b971-169c5c9d3ba7,0.0021231422505307855
663cefdc-8355-541d-952d-96abc5cc5377,0.010084925690021231
3e38e4b7-0f8c-5911-be83-2c5032b35544,0.0010615711252653928
6e4a60fd-31e4-596b-b7e3-38410074702c,0.010084925690021231
1a15e603-f34f-5316-8d79-deae5749cce8,0.0015923566878980893
c6688857-6764-5ee2-b870-0aeb1a462043,0.004777070063694267
94a97fd2-cfd8-5b07-873b-7f6c31bb6b00,0.0021231422505307855
73c7415a-af27-5966-b8cd-010e74393f17,0.0010615711252653928
2a3153f5-b081-5d22-a1d4-6a981a888567,0.0021231422505307855
0f5cebd6-736b-5b70-822f-2d0c55d915ad,0.0015923566878980893
916255e4-e1f4-5bb6-bfd2-47a3b6289aed,0.0021231422505307855
4e15e40f-6ba9-54c7-9ffd-536dc56a5354,0.005307855626326964
f18251ad-5e36-5b56-a507-71bfd9c22513,0.0037154989384288748
6b1faae4-586d-551f-aada-566ec1758023,0.0021231422505307855
40492711-a74a-5099-93f1-90ab0f3cf271,0.0021231422505307855
80552dd2-794e-5b2d-90c5-d66a8fb0772d,0.0074309978768577496
05cece0d-d1c3-5cb2-b268-599892e9c004,0.0021231422505307855
78608f7b-ac96-5ff1-8c44-a28a48b61e3e,0.0021231422505307855
53effebf-cad4-5cf3-873b-35316e061234,0.004246284501061571
3fb51f07-bb9f-58f3-8946-3b2fe30cf2a9,0.0031847133757961785
6a8d1809-2116-5d30-acda-20498849d9b9,0.008492569002123142
a1e9d34b-c540-5917-997c-7f8f7003dc1b,0.004246284501061571
0900b8fc-b289-577b-b3ee-8c7f3c477791,0.0021231422505307855
e69000cb-1904-5a41-a9c7-6f761346bddb,0.0021231422505307855
f1c73faa-9fdc-5dc7-8acd-b4bf27ab61b4,0.006900212314225053
a374a1b4-72b5-5b08-84b9-5c157aafd50a,0.002653927813163482
ced9fb59-af33-560d-8158-93a2be14a67e,0.0021231422505307855
17ca647a-f510-5d3f-ba6d-9790b46da49b,0.002653927813163482
0ae93db7-f8b4-5726-adbf-8ee66d8faf2b,0.0015923566878980893
ce6f5f2f-5632-5f61-804a-85b2ad2bc447,0.0010615711252653928
d42a2a75-e4bc-5a8a-be80-887133b7c259,0.0010615711252653928
e1b59a4e-2a49-5eab-a09d-d5ef14e97b2f,0.0021231422505307855
e7dd3f63-fa5e-5eb7-8855-bf9a11ae6b85,0.002653927813163482
687c2b4a-7bdc-50c6-a25f-7854e3eb3702,0.0021231422505307855
c2c0ffa9-f6dd-532b-96c1-48bfe173c171,0.002653927813163482
eaae4e9e-01b2-5e86-9b12-619484be3136,0.0037154989384288748
15c18b33-386c-53ca-9ccf-684fd8b11e5d,0.004777070063694267
e839e206-d972-5223-b685-1d9d34ddea90,0.0010615711252653928
df837512-1c99-5f64-9d9b-f2ddebc83e55,0.0021231422505307855
c2e07d11-794b-579c-8288-0a0080a45985,0.00583864118895966
62fc86a7-fa8b-5b2a-a5e7-2440796148e1,0.0031847133757961785
24d9de03-b20d-54aa-b550-4353ed2d2e52,0.0010615711252653928
f8278004-b1c3-5326-8283-ca9aa490d0ef,0.020169851380042462
3ac13095-4c1e-5999-9530-d1c24f931caa,0.0021231422505307855
9f6a6282-a0dd-52ef-b5e7-9ccd5585648f,0.007961783439490446
75031611-6408-5a7a-b898-ab0e79020af3,0.012208067940552018
80e660df-e91a-5147-bc3a-f402046ece70,0.004246284501061571
fd6d5458-7cae-5321-8414-f64f35784aee,0.00583864118895966
0c5cca2b-d6f0-5d9d-82d1-8c56058beb78,0.004777070063694267
640f303d-83b6-5453-9daa-52dd163b6312,0.0021231422505307855
ab6e2324-35f4-5f94-8c36-615e1e9114ae,0.0015923566878980893
5640d689-8a34-526c-a423-6473c856352b,0.0005307855626326964
27b8d388-4235-5fd1-bf4c-a39d8f864648,0.0010615711252653928
3613819a-492a-5bde-9454-c360aeb150d7,0.0021231422505307855
467dc89f-b3c2-5155-b3d2-55b890671c75,0.007961783439490446
2b8a0c15-80ed-56c3-a826-7f88622d08ed,0.006369426751592357
abeb4d13-f98a-5c5c-be5b-e24ff2aeb44a,0.002653927813163482
aafb7100-b47f-5889-821a-a8b4b7b68c6a,0.0021231422505307855
6d3126bd-5d8a-5a2c-a972-b19e7601bb3e,0.004246284501061571
a5d53b6e-60c4-5bc6-b4ad-77ddc6ee64f3,0.0021231422505307855
dfe722ae-b484-560b-880d-6237a8873385,0.0021231422505307855
e14cb524-aff1-5516-998b-3e1cc32d20f0,0.0021231422505307855
a01cf2c5-658a-56c6-b631-0b387b399692,0.0021231422505307855
7c6b2689-c2d4-5c09-80a4-82e409073e57,0.002653927813163482
ffbd5d1e-4578-53b2-8317-03773a60d4cc,0.0021231422505307855
a779502d-a49f-5030-b937-5e1248da2bbf,0.0037154989384288748
80d79475-e383-58ce-8f0f-19f52d28f789,0.002653927813163482
3ab085e2-adba-5fb7-8ba0-5236dd91dace,0.0021231422505307855
5d868fae-6a71-5b2e-b21a-af073f118068,0.0021231422505307855
3693f1b9-bf06-58bf-aa99-12e08ade498a,0.0031847133757961785
60e6e8d6-b7bc-5a84-89f0-043e09faa43a,0.0005307855626326964
a507517a-759c-5115-ac7d-a139766c1faa,0.0021231422505307855
9d095fdf-178c-5174-a52a-3d9d2cb8d97c,0.0031847133757961785
becdcd6d-d09a-5bc6-98ff-6df8cdd1b80b,0.0
d338cf45-848f-53e4-a2cd-b5c1b3a7d815,0.0
a365fee9-f684-5fc3-bd16-f6e4d1e8b953,0.0031847133757961785
eb04e2ab-3e8d-57ad-aef3-70b82f7cf782,0.0021231422505307855
86454e3b-f590-5c56-8232-e773631d58b4,0.0021231422505307855
1bd86429-5ed8-560a-901d-b1966dc80447,0.0021231422505307855
c899524e-239f-581e-a9bb-08cb4b73cf38,0.0010615711252653928
e7e74bc4-8bfa-586c-8b2b-19b4ce091eac,0.0010615711252653928
0b3d739d-d8c3-5e76-bd35-4acc9beb8007,0.0037154989384288748
3a792c00-18b4-5251-a621-f4df60a491ce,0.0021231422505307855
7df8d505-b769-5a36-9cad-2f870377daca,0.01592356687898089
031cf738-f70f-5003-b4f2-c39b92486d49,0.010084925690021231
ab062f51-7bff-5a08-9b94-ab987f6ca96a,0.004246284501061571
bb1e2af8-076d-5e9f-904d-8e47bc9291f9,0.008492569002123142
49473e15-f42c-58a6-9417-bea77c23e556,0.0015923566878980893
c4c56c3a-edff-5f89-bc0d-81f6b376bc44,0.004777070063694267
7a01cb19-1562-56e1-a4e0-63eaaf561698,0.006369426751592357
59e82db6-5db6-527f-8ff4-ce782edf07e9,0.0021231422505307855
15362a6d-e28f-58a4-a483-3202f119c4d3,0.0021231422505307855
246d149c-c57d-5640-be9b-7a486d4b1167,0.0010615711252653928
56fd8250-22ef-5edf-91ce-82d853df35b2,0.004777070063694267
337774a9-2311-55df-8559-0d57b440a0c6,0.004246284501061571
a4131b3f-2c57-5904-bf1c-4358562cf3c2,0.005307855626326964
c07237f7-5890-5ff5-97a7-d6b197fff0da,0.004777070063694267
2b461b69-82cf-5545-9875-155906969c6a,0.0010615711252653928
3dba405e-1cc7-5910-97e5-c72af1ee7c7a,0.0021231422505307855
231324f8-9c75-515e-b20c-f93e6bf4406a,0.0031847133757961785
62096007-cdef-5e6a-8b6b-c41d479b27eb,0.004777070063694267
c2c7b251-af9f-5bc7-8855-f607cc7e07ae,0.0021231422505307855
27a11904-4993-5f8f-83e3-dd0c4b36e4ac,0.0074309978768577496
737d2a62-2d8f-5cb1-9d1e-902f8eecd60a,0.002653927813163482
896828e8-020f-54b7-9910-f9daf2338513,0.0074309978768577496
6bbb6e9f-bb4a-5d36-be00-9b55956a6c94,0.005307855626326964
f917c90c-11d5-51da-887e-fd56468eddf9,0.0015923566878980893
b192f309-47b3-5d68-bf07-1c2657de235a,0.0021231422505307855
7ecd0f19-8f3f-5100-9774-4696e330f24a,0.006369426751592357
b032040e-65e4-5db2-b319-4f1f479fa65e,0.0021231422505307855
40e684bc-8a76-59e3-99d1-6120e5db8e45,0.002653927813163482
d395a985-5b99-5863-9315-a4209a8fe8a7,0.006900212314225053
b52d89a7-ef5e-59ad-8fe5-5dbc95e30d06,0.0021231422505307855
a4a8163d-b575-5196-b7ff-9ed6dc1b956a,0.004777070063694267
00916ca8-5bd0-5c89-9acb-5d331dc5919d,0.006369426751592357
8b659b8c-7f59-5c3c-96ad-ab0b7eb94198,0.0
287e2e49-5c21-5214-bdbd-8c253542c93d,0.0031847133757961785
43b40554-a38b-5120-a180-7db1fe188027,0.004777070063694267
18a3c85e-117a-5f55-9092-c22164742f97,0.0015923566878980893
0513469d-09a5-53d6-8276-d91b191151c0,0.0021231422505307855
8c309742-3207-5f88-b949-48db8c3e151c,0.0010615711252653928
1176c484-20ca-5f63-8fd7-e93940f23362,0.0021231422505307855
0e52238d-866f-53ec-93ef-4c26bd9a372d,0.007961783439490446
7b4bdb8a-0b21-54d5-a4c7-e53b82b877ea,0.004777070063694267
23b8611a-c9b9-53d7-8122-33b3f4404482,0.002653927813163482
0a67d217-bfca-5dff-ba37-982b2e2d7fda,0.0010615711252653928
1281aed8-10cf-57dd-a5ca-0d0e73b64f37,0.010615711252653927
02fd1461-2eaa-57e6-9ae6-08b6d1e3d92d,0.008492569002123142
b24fa9b9-3171-5ea4-b998-ea89a1f97fea,0.010084925690021231
103d994c-1246-56c8-a569-283b238171da,0.004777070063694267
c421fe41-0fd1-5cdb-9318-a75f9e4c3c3c,0.004246284501061571
90cef3bd-421b-5d41-a631-0cc8435e5a77,0.006900212314225053
3db685e2-2044-5cb3-99bf-917d2a16d597,0.010084925690021231
cb1e613f-76bb-546d-88c4-77e24c1c381c,0.0015923566878980893
1d8f8323-3dfb-51cf-acc5-e07120a15b71,0.0021231422505307855
b0e745b1-86ec-5d55-b038-b89f475d4a38,0.0021231422505307855
2e98c319-fb1f-51ff-be0c-54c2ee74b802,0.0010615711252653928
fb79cae5-e6e8-5463-befc-7106480890cf,0.0021231422505307855
2a4a9dd9-8027-51b6-9a25-a8a07f47bdfd,0.0
0a26e714-972f-5883-a9b1-bb31eccbca9e,0.004777070063694267
1d2c1dbb-f3fd-5335-a8fa-77531b294d5f,0.0021231422505307855
cd68a001-6b26-5dcf-a0ab-8c1dc1fa495a,0.004246284501061571
7f64c44f-bea5-5096-bdc8-9c98cfdcc343,0.0021231422505307855
494bd26d-0482-5e62-b378-708e844b8ab6,0.0037154989384288748
43c24dfa-670d-5576-9100-e2777e96f146,0.0021231422505307855
15f83c84-b2a7-584a-a6fd-6496c85ca344,0.0021231422505307855
34c190f9-0c71-52b1-acae-29908849e4ff,0.004777070063694267
1e3e488a-087a-51e0-b6fd-216793f190d6,0.0021231422505307855
50719972-676a-5750-9e6a-da6a2813c974,0.00583864118895966
3424c2bc-7738-590d-81bc-ba2731aea640,0.002653927813163482
bc838169-e0d3-5497-90a0-0b1574726607,0.002653927813163482
50f88be7-cac7-5ece-8fa5-93c2f66cb824,0.0
78078172-3e8f-5384-bdac-fa1e313ccf34,0.0037154989384288748
332b71aa-8ee3-538d-8da2-fc426b40e409,0.004777070063694267
8accf25b-0276-5490-affd-7682507de38c,0.0010615711252653928
57724656-a804-505f-81df-72ef82bc923e,0.0021231422505307855
711bab87-1504-5a4b-94ae-a89d83708dd8,0.0031847133757961785
8c668b49-ef7d-50d7-a8a8-0d1266dd085d,0.002653927813163482
60eadd19-2ae5-5e2e-bc82-8863f307ac07,0.002653927813163482
8957235a-bfcf-5473-96ed-35b917a7b825,0.0031847133757961785
cbd2b8ea-4055-5012-8bdd-903352851e60,0.006369426751592357
570fb65c-d2d0-5e3d-934d-3f69062dd7f8,0.0010615711252653928
8ee88759-4857-5371-908d-98a604dde98f,0.004246284501061571
ede04a31-368d-58aa-880d-fc15fedb929d,0.004777070063694267
d7ec171b-c71a-5edf-8f83-1093776d386a,0.002653927813163482
3999437a-f4f3-5e04-b2df-a162a0276782,0.0021231422505307855
46a022b1-9535-5191-b3b6-fbe7ab4ebfd9,0.0021231422505307855
78276689-04f8-5c59-a7f4-f04c92a3fb0d,0.0010615711252653928
b3ebd6a9-9c8f-5d8e-ad36-05e22f15ad51,0.004246284501061571
ab36524e-b258-5216-9073-b7b014ff62d0,0.006369426751592357
4f7c7cec-d802-5852-9419-4e08c0766ffc,0.006369426751592357
ec9ed824-84d9-5990-a7ac-a14fb85a70e4,0.004246284501061571
9addcb44-bf8b-59a4-8623-675a92e3bb07,0.0021231422505307855
5f34d25d-7f3a-52b9-ae22-ebe4fa9a280a,0.0031847133757961785
3eb206d1-73e2-574d-9b27-f8e44be78685,0.0037154989384288748
47ffcc4d-f7c0-5aed-8120-a667f0e96a1f,0.005307855626326964
d167d9d3-bf46-5d53-abff-4662e83e1d2c,0.004777070063694267
c0517a74-cc98-5d52-a470-78b9a3a42d75,0.0021231422505307855
8e495651-1879-5e34-a686-83ae21ae7926,0.0021231422505307855
bf16dd10-d82b-53d5-bdd3-937a8373a688,0.004246284501061571
628afbae-5b08-561b-bcdd-1a1deb0c8969,0.0021231422505307855
f768c777-7ce1-5525-9dbc-5618272f478a,0.0005307855626326964
fe5fc4e6-2efa-5548-ad69-0471e22f6c4c,0.0021231422505307855
d486ea0b-69d1-5c19-939b-5620a9ed4797,0.0010615711252653928
e64cf741-b6e1-5c22-bbe1-083f3e7fa1b1,0.0
ee5748bc-ef8f-5e0a-9613-a80477f19fb5,0.002653927813163482
47df5161-912b-5179-a8e7-64814824b141,0.0021231422505307855
129c24d5-e7ed-5d0a-87c9-90b95d12a27d,0.0074309978768577496
580a95e5-0030-5b88-811e-aae1f47fb041,0.0021231422505307855
bcd0beae-e427-5f9e-a5c9-72707e0e05e6,0.002653927813163482
9cb14e83-ab45-5694-9c16-bf0999ffbe1b,0.002653927813163482
534ceee5-2fd4-5949-994a-9881f977e47e,0.0005307855626326964
de8c2879-29cd-5968-8f48-6900ec01de35,0.0021231422505307855
230a5027-19e8-544f-b40c-4e86671c67f7,0.0021231422505307855
bcb4ad99-8965-54a8-8e14-ede41f9684a2,0.005307855626326964
e8481167-b16b-5f69-a87d-1bdd91121446,0.0021231422505307855
f5921461-2d5c-5b81-b512-3508a9e142a8,0.004777070063694267
9f85045e-d12e-5c13-a56f-db92c6a8a9cd,0.002653927813163482
7d4561ad-aa98-5bee-8577-2bc749c61d79,0.005307855626326964
a144a312-d65f-5091-bdbb-7d62e38437fa,0.0
23a269fa-1537-549e-8867-ab9778addaa6,0.0021231422505307855
ca16ed90-6c07-5b5b-9129-6f634518db2a,0.010084925690021231
d44ae4d8-2d78-5944-9b66-f9e880028162,0.0021231422505307855
2605a7b7-fcc6-5189-bad5-350a72fc4ec2,0.006369426751592357
1714e28e-57fd-5357-8fb4-fe875bcb27b8,0.004777070063694267
1de48480-2d21-574c-868b-0c90207d712e,0.0031847133757961785
4a7b0224-380e-5812-b085-707887e56c72,0.011146496815286623
6289028a-8326-5a1e-a2f9-041afe75698f,0.002653927813163482
222664b4-21fa-5b21-8f7b-0131a540910b,0.0021231422505307855
28848d47-d86b-59e4-8486-a5213b0636ca,0.004777070063694267
1823aa84-2e0f-5065-9cc3-2b0eecbcbf0c,0.0015923566878980893
503b2cfd-b63c-54e5-ade1-d49937e51e26,0.0021231422505307855
675cbf64-763d-540e-b1cf-1239438585dd,0.002653927813163482
ad6ef7d1-4a07-5bed-b8d5-cb2d216a4226,0.005307855626326964
7a55b136-e6db-5de6-9ea6-6e65a0cc6b02,0.0031847133757961785
811e9bdc-ce5f-5985-b52d-62c2a875afe8,0.005307855626326964
0143e914-e686-5553-b881-5aece2459062,0.0037154989384288748
e6614a02-b77c-5453-87e1-0c4d80fd0dec,0.0021231422505307855
5c3a0526-04a9-5560-8dc5-9309080b5622,0.004777070063694267
80002335-6179-5738-99bd-ad603ebe7613,0.002653927813163482
0cec8ae0-83aa-5aab-8dd1-91f2b9867f85,0.0021231422505307855
7eaca7de-40f0-532b-b707-a9b6f5b783fc,0.0074309978768577496
bf2ff37b-fd75-5608-ae5b-0016e7c83582,0.00583864118895966
74bd5a5e-6d3a-505e-b86e-749bbf60a69e,0.004246284501061571
ebd46afb-fc8a-5170-8d94-681c1e91d454,0.002653927813163482
c568a48b-c470-5799-87c0-68c31cc72aef,0.0021231422505307855
6dc90223-2c35-5e05-a235-5a1ee54684c0,0.0021231422505307855
10e7a88a-29b9-5e14-abee-d1d533ad7d99,0.002653927813163482
b780d03d-eae1-5458-8868-e80a99029506,0.004246284501061571
66253c33-c819-5a37-ac3d-9c09dec22976,0.010084925690021231
65f7f763-c7e7-59ea-8a3f-eb3707afeec0,0.0021231422505307855
1e2e9a0c-cf28-5307-9392-e533a3f40d54,0.002653927813163482
5996aa62-d72e-58e2-87bf-a40118a4c44c,0.0021231422505307855
0c3b49d1-db91-53ca-a692-4e34ea185836,0.0021231422505307855
8cbc0b99-d298-551b-9a97-6912d2ad34a4,0.0037154989384288748
f1bead9a-a871-5f03-8466-6f23d1ee2cf7,0.008492569002123142
ff25c50c-0dfa-5041-b783-24b63626d29b,0.0021231422505307855
06d45444-6a8e-5cbd-a371-ffa97316a868,0.002653927813163482
17e60f50-45b2-56ef-8783-bdf203f65d8e,0.002653927813163482
3da65e7d-7b2f-561c-aa5e-c481372f5c33,0.0021231422505307855
5dcf6d58-8966-534c-a39f-6be95e96ea57,0.0010615711252653928
abfb1175-410b-5a31-bda9-c2226fd81a79,0.0021231422505307855
d2fa44e1-ca4d-54af-a85f-1163d0b4620b,0.008492569002123142
25339870-468c-5107-a4d9-81d843615bd7,0.0021231422505307855
4dc0761b-3db7-5055-a910-71faee731b53,0.010084925690021231
b9858310-8ceb-5f0e-b28f-3874ff0252d8,0.004777070063694267
e6fc3515-e2df-552d-9ce8-d2423ebe7619,0.002653927813163482
22d26288-105e-5f0f-aa19-f20144a8dc84,0.005307855626326964
0da79fb7-3dd4-5ca2-ae17-5f5e70da39a4,0.010084925690021231
1956fba9-22d0-5511-a0f7-4f03747b4009,0.004777070063694267
32f7d219-c8e5-500a-b115-8db665c7aca5,0.0010615711252653928
11bb34c1-6e55-58eb-9572-d6ae5f4492b8,0.006369426751592357
4219c7f2-d1e8-5431-8ef6-100466cea88e,0.0
071414a3-b5d9-538c-a5cd-e13ef9121358,0.010615711252653927
dcca3886-7f6c-5248-b362-cadae731e3ac,0.010084925690021231
df56592c-8e50-559b-98ae-01813335351c,0.004246284501061571
2b8b97a5-ab8f-56cb-a509-9095057e4c57,0.0021231422505307855
bd20ff77-2241-56a4-8a43-097c6335700d,0.004777070063694267
e9228852-929e-51e7-a89e-3c576d5e53f2,0.0015923566878980893
93b0ecad-3bee-5b65-8ea6-683c0e6f7f24,0.0015923566878980893
c7b247eb-6e39-5843-9928-f3c3c453b990,0.002653927813163482
a3df02a9-5b27-5dda-946a-5887df8a4415,0.004777070063694267
d6f254aa-3f13-57f7-ba3d-a9803751676b,0.0005307855626326964
cd2096e1-d867-5c8c-9760-89c61070ae2b,0.0010615711252653928
acdaa74d-2ec9-5747-bd6e-880c3ed238e4,0.0021231422505307855
2daeec2e-c1ca-5a9f-b631-3fad9119b741,0.0015923566878980893
5970b0f9-f6ad-500a-a565-d6324709da7f,0.0021231422505307855
54170bf3-7bfb-5ab4-9fce-4e90ae161fe7,0.002653927813163482
e8fa86e9-fda9-5d38-ab15-a3b0167a0faa,0.0021231422505307855
d5b0a33d-cd11-58d8-9024-da841251fce8,0.0021231422505307855
7c32d090-4de9-5a1c-989e-7a59a2877765,0.0
dc4557eb-12a8-54a6-9107-8bbedea1b35a,0.010615711252653927
99d4a1cc-a53d-5e66-bf9d-b6d6c63438c1,0.006900212314225053
f02de20f-83aa-5260-8514-364b3c6993a1,0.0021231422505307855
68e436d8-a0ad-5fef-a340-e9b8a81318c0,0.00583864118895966
9cfe9e53-ef08-5a03-9da2-bc35b4fdc732,0.0037154989384288748
11c163d8-bf44-53c7-967f-3a6f64b67cbf,0.0021231422505307855
807d3e88-8ab0-5155-913d-087bc3689707,0.0037154989384288748
1692bb37-733b-595d-98de-8ba292e2b256,0.005307855626326964
a11bfcbd-fa4c-51f2-948f-d4a8315db73b,0.0015923566878980893
6f9207d7-c328-5527-9b77-7aee61031e83,0.010615711252653927
855307ed-7511-58a6-96dc-6e8ad73f836f,0.0031847133757961785
131483d4-ca66-53a6-b2dd-65da4456da3e,0.0037154989384288748
174363d9-a723-54c8-bf33-dbda879a2771,0.0031847133757961785
10d51377-640e-5cc0-aed4-ee344943fe12,0.0015923566878980893
af70ca04-cf9c-5ead-8735-9df0ef2538ed,0.0
2f1277f6-accf-599e-a93c-e808c1c21f30,0.008492569002123142
15c3a3ae-d542-5518-b3fe-4c5b8a0335e2,0.002653927813163482
ac879fff-4a04-5acc-9cd1-9a61b33c7167,0.002653927813163482
2ea1787d-fe1f-5616-bdd5-267200cf6b64,0.002653927813163482
2bd37548-dc19-52b3-8141-1675f6116fb7,0.006369426751592357
51808209-f6b1-5da3-8f1f-1cec71faccd2,0.002653927813163482
cfda6154-55d6-5d3b-b3e5-91cb84fdef08,0.002653927813163482
77b6f115-c3e1-50f1-b136-159834b8a525,0.012738853503184714
cf383ac4-9fb3-5cb0-9513-828cd5c91aa2,0.002653927813163482
1cd566f6-c0fc-56f6-b9e3-d3af7f0c3848,0.0015923566878980893
e255ea50-0ad9-5fd9-b280-e27538247123,0.002653927813163482
fd632e5f-5816-52eb-9a76-591bee288f73,0.002653927813163482
2214ed98-890b-599d-8671-c3dc96d555c7,0.0015923566878980893
43cdcfde-da13-575d-a2ff-f4369d886a40,0.006369426751592357
31ff6282-1633-580e-a341-581b78b660b7,0.0010615711252653928
5d1082fa-5c17-572d-8ef9-c6aa9c87aa94,0.0021231422505307855
fc8ae1d8-e82b-5f52-99ef-c74dbac17d70,0.00583864118895966
74d211f1-10c9-5fee-96d3-eadb1dada28b,0.0021231422505307855
d96b8687-41d3-5848-a64a-ea0df9dcd172,0.00583864118895966
885495e7-8a4e-50de-a4f6-5797ecaefdb8,0.0010615711252653928
08d2356c-c085-57f0-97c7-bd2e226ee9ff,0.004246284501061571
75d99e2f-39d1-55bb-aeca-da9e97f84fd0,0.004777070063694267
acb3dce5-cdb1-50e6-9479-730cc3ea04b0,0.004777070063694267
4a908611-f6d7-52a2-aa46-30c25d9cb0c8,0.0031847133757961785
07ad72bb-d087-5406-b9bb-797a387d2a88,0.010084925690021231
29d163d5-a327-57d5-b99a-a2585dcddfdb,0.002653927813163482
814b0749-20fd-56ef-8280-c7db27fb60d4,0.0037154989384288748
06b42533-7225-5f05-8368-c5276bfaa75d,0.0
3be1c838-6d8c-5d94-adc3-eaac3cda4057,0.0021231422505307855
ae05567f-ce1d-5e52-9ccc-5ce42cb8b0d4,0.004777070063694267
1cc740a9-e67d-50c4-8e16-c680a3033e26,0.0021231422505307855
82801870-69a7-5b4f-8ae0-ae49376eed76,0.0031847133757961785
0144b523-78c0-5cdd-889e-1bea2209d0a2,0.0021231422505307855
d22a1b40-417b-5bec-8540-481191125b03,0.0021231422505307855
565b4ffb-d0cd-5b5e-a9a2-fa25ce835584,0.004777070063694267
fe96a52f-7d61-543f-ae71-fb53bd525537,0.0021231422505307855
73f929f8-b181-541c-91f9-11158310981f,0.004777070063694267
1b631c8f-6d0b-5917-89b0-8ebd00a45021,0.0031847133757961785
2f442a6f-5bef-53bf-a7cd-865cf99e24ed,0.0021231422505307855
25929a54-56a3-5b1d-a159-67a3b137b90a,0.0010615711252653928
1bf357bf-7b46-50ed-824e-dfe483d00c6e,0.002653927813163482
700979c2-ecab-5483-ae0b-400c8558d846,0.0
82265828-2bf8-51e4-b1a9-2de27c6e56a5,0.0037154989384288748
330b3fd1-fa00-5fbc-95d7-52376bc0b670,0.0021231422505307855
82ae1524-28b3-521b-8391-f685b851cd7a,0.002653927813163482
5cc3b8e9-75a1-53f3-9f01-c0b9b573c8e4,0.0031847133757961785
ce3b0ea1-76e5-57fe-a7eb-ad52289c7598,0.00583864118895966
cda59dfb-350f-5204-aae2-30bad5eb5b0d,0.0005307855626326964
e4c62c1a-6b90-5b48-a53a-6bff756e5949,0.0
b36385ea-d687-5921-a44d-2e1fed2adcf0,0.015392781316348195
edc62a16-a215-5757-ae3e-4d605a186254,0.004777070063694267
66ccbabc-8466-5ecc-aeb6-e2232b6bfdec,0.0005307855626326964
b196b73f-609d-5f42-b5d4-cf4d8c5c7844,0.0010615711252653928
c2a85fe1-7b76-502f-88c4-c6b3b14c5026,0.004246284501061571
ca54f60c-8cfe-5f37-a18f-a98043f10dad,0.0021231422505307855
1fd17de0-457c-50b5-9cbb-ab2d77cd3b82,0.0037154989384288748
76cd2e9c-3ff1-5d67-b85a-ff83803fc8bf,0.0074309978768577496
a9ed65fb-1b28-51db-8115-94635bdfbccb,0.010615711252653927
4adcca4e-86d8-5572-94ec-62f0ee5d6d57,0.0021231422505307855
899c1be5-3433-5120-8465-119d7abbce82,0.010615711252653927
61a76b61-327e-598b-a823-0b43f21ee514,0.0010615711252653928
07c37932-e795-57e8-b715-50389a3f13cf,0.010615711252653927
df3453f9-6273-5882-8ead-b51890142ad7,0.007961783439490446
562daa6a-478e-56a9-bd64-1f5224a62b06,0.004777070063694267
5489f293-2839-5fc8-b712-31ea0726c31e,0.0010615711252653928
b834e025-1dc1-5df7-84e8-bb9c47510e7f,0.0021231422505307855
9ce6ee0f-8642-581f-beb5-ad431e673838,0.0037154989384288748
f0ffc6ae-642b-5357-8dd2-b6a60dc7b8db,0.002653927813163482
0925e1ae-ec5d-52a0-b389-f3e7065b56be,0.0021231422505307855
b19f7f28-d649-5400-bbe3-aee8630a071d,0.002653927813163482
f38d4654-a2f4-5449-bb03-c77faa5a8824,0.0021231422505307855
1d007d7e-bafe-51c2-9924-c963f47d90ac,0.0021231422505307855
4f7d9dd3-7dd2-5f7b-a8b6-56317b1c8d88,0.0010615711252653928
d214eccb-17ef-5f91-ae83-9ab92e62ff34,0.0
79909d28-0f87-5ea4-bbbf-3f5e590bec25,0.004777070063694267
8d8f314c-3759-56cf-917c-7f05c37d1523,0.0015923566878980893
b816456d-8038-5646-8f3d-83e07d04bb22,0.0010615711252653928
c04f5176-5309-50cd-b9ad-acf1474d46bc,0.0021231422505307855
1915bd52-c31c-546b-a3b2-2190384b3097,0.0074309978768577496
359f0e71-7802-5fd8-8a43-4d0ec8a6bff5,0.0005307855626326964
530739a0-76d5-5ae3-abdd-f671df6de6ec,0.0021231422505307855
db48d2dc-5cf0-5b29-96f7-8f61fa0ed4c2,0.002653927813163482
f3b7f6e1-638e-577f-a3bc-8fd2e3834d29,0.0015923566878980893
be9dbefb-e41d-507c-a3c4-11263020d679,0.0037154989384288748
cf16df2a-28a2-5f01-b8ac-542248524b26,0.0037154989384288748
e33fcd10-da44-5fd4-b8bd-217a4ed4d804,0.004777070063694267
9247985e-e4f6-56f1-a028-2760777529a4,0.0021231422505307855
3c421da4-ca8a-5b0f-ae5c-bd510899406e,0.0015923566878980893
03095d8e-d051-5815-ba8a-7bd9482b08b3,0.0021231422505307855
8fdd838a-b73b-5899-bddc-0527f12d69e0,0.0021231422505307855
b3e80b84-861f-52b9-a05c-b75ee208635a,0.0005307855626326964
c74c293a-eec0-5e81-8807-f7b2ee71694d,0.0015923566878980893
accb1aa4-c606-547d-bf93-c4949875526e,0.006369426751592357
d4628737-8abd-54b0-bb34-8d8781ae2672,0.0031847133757961785
ea893782-e2e3-54bf-ad20-1aebc018ec0f,0.00583864118895966
4755f2e0-9f68-52d9-8933-6cac856e85bd,0.0021231422505307855
1202baec-9dfd-5676-9024-4bd3824570ef,0.002653927813163482
76fa2069-dcd6-5da9-bd07-b9c4dc4165e9,0.0005307855626326964
4b080328-f8fb-5bdd-b407-3506311a9c53,0.0010615711252653928
1242130c-71ac-58cc-b7f8-511afeb9131b,0.0015923566878980893
e4796a5b-e4f5-594b-992d-9343ac6ac0ab,0.002653927813163482
b3d21f3f-e826-5187-b2bc-5b492dae7714,0.0021231422505307855
5994d88c-5e76-5e84-9367-15f0a294f08e,0.0037154989384288748
6e9cf1ea-719e-5433-a2d4-12cf5e5273d3,0.004777070063694267
49715325-617b-5b2b-9921-7325b7552aa6,0.0021231422505307855
10f69d0f-8c56-5876-9a26-87db9dd21764,0.006369426751592357
6be1a8c0-b9fe-5800-88cd-b0f5f7d6c922,0.0010615711252653928
efe3f5af-61fc-56d3-b61a-7268ce7a3185,0.0021231422505307855
26657205-5512-56c1-837a-1512e83c7a6e,0.0074309978768577496
fa27cbe3-2d1b-5d90-a654-223e35c51863,0.0015923566878980893
5f346f6b-2200-5f3e-840e-0a91b6434f51,0.0031847133757961785
20e374bb-21ce-5064-9f3e-d25858903ba7,0.002653927813163482
bb3d7ea4-f083-5e1b-8dfe-fc80ca28491b,0.0031847133757961785
a7d67b03-2db0-5dc1-b771-8cf92e02a1c4,0.0037154989384288748
80d919fa-6274-5146-b5b6-82809cad2675,0.0015923566878980893
12a70153-d82b-57e4-aff7-f03edb53eaa3,0.002653927813163482
7e9b1992-24ad-575a-846d-8c8fd3876d9a,0.002653927813163482
c2515dfa-a11b-575c-a45c-81e61091a347,0.0031847133757961785
c00a77f6-765b-55dc-b5ec-1c97d7974d1e,0.002653927813163482
272798cb-2b98-549a-bc03-79582ada9f86,0.006369426751592357
c8257cd3-5274-5def-9019-8bd9ffbe1fe1,0.002653927813163482
dfa69dbb-31a0-5683-866a-2d807adb3c5c,0.0
a8fbd00f-abfb-577f-b687-517e134dc1c7,0.004777070063694267
eea9de5e-2da4-5e9b-8f8a-2cbd99d44b93,0.002653927813163482
edb0e8df-a3d1-5aee-8221-374826535cc9,0.0021231422505307855
6348e80a-7331-5f51-89ba-1e5aa38a2e7d,0.0021231422505307855
53713fa0-8bb3-5949-afd0-cac67a1778ec,0.004777070063694267
f4a1cae1-e877-5fd1-9eb7-eb3e37fb6209,0.0037154989384288748
f6590a1a-6295-5a3d-9c88-da5327871aab,0.004777070063694267
c1475b1a-43f9-58af-8706-40b8dfc10c65,0.004777070063694267
165adcb3-4792-5026-b489-3386078e595d,0.002653927813163482
e5013d33-9797-5db8-8106-e86f20ba1581,0.004246284501061571
33fa0d62-bf33-5516-832a-6159d51113ca,0.00583864118895966
12b0c7bc-7146-5f4c-afe9-f54f95a2c9e6,0.0021231422505307855
f22ac2df-624a-5924-926d-718774bec143,0.004246284501061571
ea26ab83-5b8f-596c-87cc-93cad76488d5,0.0010615711252653928
2fea8b12-9859-5808-9da6-20d6f1d51c07,0.002653927813163482
ff8fa565-7cdc-5124-b2c3-6c037fe6f3d5,0.0010615711252653928
fe4e8350-3ab8-5907-b426-48653dbd6d74,0.0021231422505307855
ff6dd7a4-997a-5198-b701-353c0171f023,0.0021231422505307855
99c49459-0ec3-5fa9-bc15-82ff86b44f74,0.002653927813163482
0c094b6a-5e9a-5678-b022-2a3e728e3c1d,0.0021231422505307855
519ed1fd-41b1-54ee-bfc8-775854f702a4,0.004246284501061571
16708f73-9649-5d26-bc47-28a7cb5cdcfe,0.006369426751592357
9711f26e-d33c-5e31-83f3-e37564883005,0.0021231422505307855
a98c1beb-87bf-51e9-81bc-04315560586e,0.0074309978768577496
dac27115-fcd5-5be1-a0e5-3665ceab2edd,0.002653927813163482
1b4242fb-38e4-5820-92a5-34aa5ec2e726,0.002653927813163482
8ccde761-033d-5984-b6c0-d36fe6950a7a,0.0021231422505307855
fc57762e-782d-52c3-92f5-71469253cab5,0.004777070063694267
d0bad9f4-3bee-5f75-943f-b48ac29d8422,0.0021231422505307855
87f885ea-134c-5ef4-a751-dcb494e64159,0.0010615711252653928
c8580a5f-449a-51a0-934a-d0ec334bb7c0,0.004777070063694267
5c388c58-927b-5edf-bc4a-a710dd89d72b,0.0021231422505307855
82fb61f7-99cb-5754-9d3c-db3de354494a,0.002653927813163482
84a6b4c4-fea0-50f4-a8c9-f181b7576118,0.010615711252653927
f3a487d9-3b16-521e-91dd-800dd6546018,0.004777070063694267
43943e5b-0cab-51bd-89ed-267cf36e7935,0.0074309978768577496
f57102e3-383d-5924-9304-1fe83adb9490,0.008492569002123142
2581c944-7db1-523f-b9d8-c5a409424fd7,0.002653927813163482
904b2703-ab5d-57fb-a395-ae05f4357f36,0.0031847133757961785
3eb62b7e-18f3-5d2f-8240-c713707f508d,0.005307855626326964
248dadf4-e9a2-55d0-8d25-44917503c7b8,0.004777070063694267
e203381d-54ee-5fea-91e1-0f6f99108430,0.0021231422505307855
f4beda5a-54fb-57a4-97a3-11265e22ed2c,0.004246284501061571
b6002a63-2206-538c-ac09-c0b14ee452c1,0.002653927813163482
4cf2e932-85de-5f7f-8eb6-9bd8073bee15,0.00583864118895966
09230d39-00ff-5999-a74c-f57ec573f9ef,0.0
ffded9a0-35d4-5a57-9122-004d77a2e85d,0.004777070063694267
b01249b2-2a82-5551-be9e-9f44968f72e0,0.0021231422505307855
5f5a1b7a-89bc-517c-bd0b-85fac92efcd7,0.0037154989384288748
6d1598de-9d2c-55d9-93d2-d0cfc8497415,0.0021231422505307855
aef75614-1682-530f-b765-0993c74fdb32,0.002653927813163482
357bed15-7d05-5ea3-b43b-d9e3621dca55,0.002653927813163482
ce33135b-0bf4-55c3-8d17-8fb77819410a,0.0021231422505307855
a65301a4-687d-52b6-8926-8124e36ea048,0.0021231422505307855
0f01673c-deaa-531d-be10-ff66168edd0d,0.00583864118895966
d5ad19d5-e423-54f6-9eba-3c3e3c3621cd,0.0021231422505307855
50e9bbf5-cf18-59b7-934f-054ec8d77dc9,0.0
a83e44df-1e03-541c-bd45-cc3aba5b5354,0.004246284501061571
41d0eb80-5282-58f2-aa5e-402b9340809b,0.0021231422505307855
26336246-455b-538c-a1d0-ba6e74330c71,0.004777070063694267
96a850d2-34d6-581d-97d0-e041b5c40671,0.0021231422505307855
170966bc-1ca9-56ba-a1d1-5f49668f785f,0.006900212314225053
f401431d-53f9-5631-b701-9f89e7942999,0.0074309978768577496
39c18471-8935-5d53-9043-5de13c556ee1,0.0021231422505307855
6e5aa7ed-039c-5c63-b7be-dcac2b984f58,0.0021231422505307855
b04712f2-254f-53af-a5a1-f23f52589fe5,0.010615711252653927
16ea8cd1-8e42-5c8e-8ca0-30fae063d4bb,0.004777070063694267
cc53c28b-d490-55ba-ac56-80173fb1ba3e,0.0010615711252653928
bcbb94de-748a-5627-9df6-e5ec0e513bfe,0.0010615711252653928
79a73407-2a32-5a49-a608-e2e42025a4bf,0.0021231422505307855
2c78ed2a-2ace-590d-994e-1d788b4725fc,0.0010615711252653928
ac361810-c421-554e-a3c0-3e957cdba105,0.005307855626326964
f3bf8d54-e35d-53e3-946a-bf57f4c73382,0.006369426751592357
0791e3a4-647f-59c5-b59f-4590440e347e,0.0021231422505307855
8435f2af-838e-5fab-a3e8-8dfc6a35dd65,0.0021231422505307855
e280d434-c8c3-5592-8000-0f20cd527af5,0.0037154989384288748
b37fc4fa-fcc3-5705-8841-aa016ecb6672,0.002653927813163482
602c05f5-a736-5a73-a2e2-d9df90b68dc0,0.005307855626326964
efdb434a-c227-5206-9c41-04bf94570245,0.004777070063694267
5cf445ea-4c8f-5d8b-aea1-6e637e97628e,0.0010615711252653928
06a88077-efdf-5ff1-8578-034b705ff4f4,0.0031847133757961785
4d7bd323-1258-502f-946d-c08f3185d248,0.0015923566878980893
b36d2c9d-5cd1-502f-b70f-6948a1abe6e3,0.0037154989384288748
2f3fa91d-59aa-571b-85e2-d19098f18678,0.0021231422505307855
2ccda7ff-7541-5c8b-b313-9721c46ba5af,0.01326963906581741
b6896d07-9cff-5108-99aa-13bfc850c5c3,0.002653927813163482
b4799d2a-c564-5bf3-95c5-39d09d758ffe,0.004246284501061571
6472d4fb-58d9-5ba5-9f9d-0771d4f29aba,0.002653927813163482
cca10302-0d38-5a4e-9639-960659c7436b,0.0
8a637824-c790-5714-a35c-6d17c65b2c3b,0.005307855626326964
9b1e5c1a-f776-5856-8901-9252d41f3500,0.006369426751592357
d624eed8-ab37-575f-8ad4-f37a7cb575d9,0.010615711252653927
81c4daae-826f-5f21-bc1c-357f238e3c06,0.0021231422505307855
b996a03e-df84-50a1-b146-ba036af4d131,0.002653927813163482
8a671068-fad4-558a-aa5d-85facac221dd,0.00583864118895966
e1633942-372b-5bab-bd44-be78b0c0f677,0.010084925690021231
aacac30a-6aff-5170-ab2e-3613d91e2fd1,0.0021231422505307855
eea3a08d-dc40-5fa1-a6ff-14b224b16122,0.006369426751592357
27621831-3660-50b9-ae54-b46e9ea0d6a0,0.0074309978768577496
fd28e339-b30b-5dc2-9dca-eddbc92d374d,0.0010615711252653928
79f05e3b-5e82-588b-87cb-65b1ed39c22e,0.0021231422505307855
be4e8d27-a72d-57a2-9e30-94aa5a909042,0.0015923566878980893
b40eee90-1a81-5d74-9b39-b8329459289e,0.004246284501061571
edd51fa3-9306-5bc2-bea0-f2da5e6d072f,0.006369426751592357
49283fe6-8763-5d9b-be2e-617cbc71b12b,0.006369426751592357
80326657-7809-5e78-b810-1c7db49ca37c,0.002653927813163482
bd7bd791-04b4-558e-9099-ea09812fdad2,0.0031847133757961785
c35b446a-6a80-5016-aa9d-5445cd26bf06,0.002653927813163482
7a898843-4a31-579b-a377-7c1eec589bde,0.006900212314225053
7257ad99-7986-5103-bce4-505e92be3cbb,0.006369426751592357
